-- MySQL dump 10.13  Distrib 5.1.52, for redhat-linux-gnu (i386)
--
-- Host: ownersbox.cdbxrb8ivea8.us-east-1.rds.amazonaws.com    Database: ownersbox
-- ------------------------------------------------------
-- Server version	5.1.57-log

/*!40101 SET @OLD_CHARACTER_SET_CLIENT=@@CHARACTER_SET_CLIENT */;
/*!40101 SET @OLD_CHARACTER_SET_RESULTS=@@CHARACTER_SET_RESULTS */;
/*!40101 SET @OLD_COLLATION_CONNECTION=@@COLLATION_CONNECTION */;
/*!40101 SET NAMES utf8 */;
/*!40103 SET @OLD_TIME_ZONE=@@TIME_ZONE */;
/*!40103 SET TIME_ZONE='+00:00' */;
/*!40014 SET @OLD_UNIQUE_CHECKS=@@UNIQUE_CHECKS, UNIQUE_CHECKS=0 */;
/*!40014 SET @OLD_FOREIGN_KEY_CHECKS=@@FOREIGN_KEY_CHECKS, FOREIGN_KEY_CHECKS=0 */;
/*!40101 SET @OLD_SQL_MODE=@@SQL_MODE, SQL_MODE='NO_AUTO_VALUE_ON_ZERO' */;
/*!40111 SET @OLD_SQL_NOTES=@@SQL_NOTES, SQL_NOTES=0 */;

--
-- Table structure for table `sysApprovalTickets`
--

DROP TABLE IF EXISTS `sysApprovalTickets`;
/*!40101 SET @saved_cs_client     = @@character_set_client */;
/*!40101 SET character_set_client = utf8 */;
CREATE TABLE `sysApprovalTickets` (
  `itemID` int(11) NOT NULL AUTO_INCREMENT,
  `instanceID` int(11) NOT NULL DEFAULT '1',
  `appName` varchar(25) DEFAULT NULL,
  `appItemID` int(11) DEFAULT NULL,
  `userID` int(11) NOT NULL,
  `description` varchar(255) DEFAULT NULL,
  `viewLink` varchar(255) DEFAULT NULL,
  `editLink` varchar(255) DEFAULT NULL,
  `denyLink` varchar(255) DEFAULT NULL,
  `approveLink` varchar(255) DEFAULT NULL,
  `sysDateCreated` datetime NOT NULL DEFAULT '0000-00-00 00:00:00',
  `sysStatus` enum('active','inactive','approved','denied') NOT NULL DEFAULT 'active',
  `sysOpen` enum('0','1') NOT NULL DEFAULT '1',
  PRIMARY KEY (`itemID`)
) ENGINE=InnoDB DEFAULT CHARSET=utf8 COMMENT='Holds a list of waiting to be approved across the site.';
/*!40101 SET character_set_client = @saved_cs_client */;

--
-- Dumping data for table `sysApprovalTickets`
--

LOCK TABLES `sysApprovalTickets` WRITE;
/*!40000 ALTER TABLE `sysApprovalTickets` DISABLE KEYS */;
/*!40000 ALTER TABLE `sysApprovalTickets` ENABLE KEYS */;
UNLOCK TABLES;

--
-- Table structure for table `sysCountry`
--

DROP TABLE IF EXISTS `sysCountry`;
/*!40101 SET @saved_cs_client     = @@character_set_client */;
/*!40101 SET character_set_client = utf8 */;
CREATE TABLE `sysCountry` (
  `itemID` int(11) NOT NULL AUTO_INCREMENT,
  `isoCode` varchar(255) NOT NULL,
  `countryName` varchar(255) NOT NULL,
  `sysStatus` enum('active','inactive') NOT NULL DEFAULT 'active',
  `sysOpen` enum('0','1') NOT NULL DEFAULT '1',
  PRIMARY KEY (`itemID`),
  UNIQUE KEY `isoCode` (`isoCode`)
) ENGINE=InnoDB AUTO_INCREMENT=243 DEFAULT CHARSET=utf8;
/*!40101 SET character_set_client = @saved_cs_client */;

--
-- Dumping data for table `sysCountry`
--

LOCK TABLES `sysCountry` WRITE;
/*!40000 ALTER TABLE `sysCountry` DISABLE KEYS */;
INSERT INTO `sysCountry` VALUES (5,'AD','Andorra','active','1'),(211,'AE','United Arab Emirates','active','1'),(1,'AF','Afghanistan','active','1'),(9,'AG','Antigua and Barbuda','active','1'),(7,'AI','Anguilla','active','1'),(2,'AL','Albania','active','1'),(11,'AM','Armenia','active','1'),(144,'AN','Netherlands Antilles','active','1'),(6,'AO','Angola','active','1'),(8,'AQ','Antarctica','active','1'),(10,'AR','Argentina','active','1'),(4,'AS','American Samoa','active','1'),(14,'AT','Austria','active','1'),(13,'AU','Australia','active','1'),(12,'AW','Aruba','active','1'),(227,'AX','Aland Islands','active','1'),(15,'AZ','Azerbaijan','active','1'),(27,'BA','Bosnia and Herzegovina','active','1'),(19,'BB','Barbados','active','1'),(18,'BD','Bangladesh','active','1'),(21,'BE','Belgium','active','1'),(33,'BF','Burkina Faso','active','1'),(32,'BG','Bulgaria','active','1'),(17,'BH','Bahrain','active','1'),(35,'BI','Burundi','active','1'),(23,'BJ','Benin','active','1'),(24,'BM','Bermuda','active','1'),(31,'BN','Brunei Darussalam','active','1'),(26,'BO','Bolivia','active','1'),(29,'BR','Brazil','active','1'),(16,'BS','Bahamas','active','1'),(25,'BT','Bhutan','active','1'),(228,'BV','Bouvet Island','active','1'),(28,'BW','Botswana','active','1'),(20,'BY','Belarus','active','1'),(22,'BZ','Belize','active','1'),(38,'CA','Canada','active','1'),(46,'CD','Congo, The Democratic Republic of the','active','1'),(40,'CF','Central African Republic','active','1'),(47,'CG','Congo','active','1'),(195,'CH','Switzerland','active','1'),(50,'CI','Cote D\'Ivoire','active','1'),(48,'CK','Cook Islands','active','1'),(42,'CL','Chile','active','1'),(37,'CM','Cameroon','active','1'),(43,'CN','China','active','1'),(44,'CO','Colombia','active','1'),(49,'CR','Costa Rica','active','1'),(52,'CU','Cuba','active','1'),(39,'CV','Cape Verde','active','1'),(53,'CY','Cyprus','active','1'),(54,'CZ','Czech Republic','active','1'),(76,'DE','Germany','active','1'),(56,'DJ','Djibouti','active','1'),(55,'DK','Denmark','active','1'),(57,'DM','Dominica','active','1'),(58,'DO','Dominican Republic','active','1'),(3,'DZ','Algeria','active','1'),(59,'EC','Ecuador','active','1'),(64,'EE','Estonia','active','1'),(60,'EG','Egypt','active','1'),(63,'ER','Eritrea','active','1'),(189,'ES','Spain','active','1'),(65,'ET','Ethiopia','active','1'),(68,'FI','Finland','active','1'),(67,'FJ','Fiji','active','1'),(66,'FK','Falkland Islands (Malvinas)','active','1'),(133,'FM','Micronesia, Federated States of','active','1'),(231,'FO','Faroe Islands','active','1'),(69,'FR','France','active','1'),(72,'GA','Gabon','active','1'),(212,'GB','United Kingdom','active','1'),(81,'GD','Grenada','active','1'),(75,'GE','Georgia','active','1'),(70,'GF','French Guiana','active','1'),(232,'GG','Guernsey','active','1'),(77,'GH','Ghana','active','1'),(78,'GI','Gibraltar','active','1'),(80,'GL','Greenland','active','1'),(73,'GM','Gambia','active','1'),(85,'GN','Guinea','active','1'),(82,'GP','Guadeloupe','active','1'),(62,'GQ','Equatorial Guinea','active','1'),(79,'GR','Greece','active','1'),(84,'GT','Guatemala','active','1'),(83,'GU','Guam','active','1'),(86,'GW','Guinea-Bissau','active','1'),(87,'GY','Guyana','active','1'),(91,'HK','Hong Kong','active','1'),(233,'HM','Heard Island and McDonald Islands','active','1'),(90,'HN','Honduras','active','1'),(51,'HR','Croatia','active','1'),(88,'HT','Haiti','active','1'),(92,'HU','Hungary','active','1'),(95,'ID','Indonesia','active','1'),(98,'IE','Ireland','active','1'),(99,'IL','Israel','active','1'),(234,'IM','Isle of Man','active','1'),(94,'IN','India','active','1'),(229,'IO','British Indian Ocean Territory','active','1'),(97,'IQ','Iraq','active','1'),(96,'IR','Iran, Islamic Republic of','active','1'),(93,'IS','Iceland','active','1'),(100,'IT','Italy','active','1'),(235,'JE','Jersey','active','1'),(102,'JM','Jamaica','active','1'),(104,'JO','Jordan','active','1'),(103,'JP','Japan','active','1'),(106,'KE','Kenya','active','1'),(109,'KG','Kyrgyzstan','active','1'),(36,'KH','Cambodia','active','1'),(107,'KI','Kiribati','active','1'),(45,'KM','Comoros','active','1'),(170,'KN','Saint Kitts and Nevis','active','1'),(188,'KP','Korea, Democratic People\'s Republic of','active','1'),(150,'KR','Korea, Republic of','active','1'),(108,'KW','Kuwait','active','1'),(230,'KY','Cayman Islands','active','1'),(105,'KZ','Kazakstan','active','1'),(110,'LA','Lao People\'s Democratic Republic','active','1'),(112,'LB','Lebanon','active','1'),(171,'LC','Saint Lucia','active','1'),(116,'LI','Liechtenstein','active','1'),(190,'LK','Sri Lanka','active','1'),(114,'LR','Liberia','active','1'),(113,'LS','Lesotho','active','1'),(117,'LT','Lithuania','active','1'),(118,'LU','Luxembourg','active','1'),(111,'LV','Latvia','active','1'),(115,'LY','Libyan Arab Jamahiriya','active','1'),(138,'MA','Morocco','active','1'),(135,'MC','Monaco','active','1'),(134,'MD','Moldova, Republic of','active','1'),(179,'ME','Montenegro','active','1'),(121,'MG','Madagascar','active','1'),(127,'MH','Marshall Islands','active','1'),(120,'MK','Macedonia','active','1'),(125,'ML','Mali','active','1'),(34,'MM','Myanmar','active','1'),(136,'MN','Mongolia','active','1'),(119,'MO','Macau','active','1'),(151,'MP','Northern Mariana Islands','active','1'),(128,'MQ','Martinique','active','1'),(129,'MR','Mauritania','active','1'),(137,'MS','Montserrat','active','1'),(126,'MT','Malta','active','1'),(130,'MU','Mauritius','active','1'),(124,'MV','Maldives','active','1'),(122,'MW','Malawi','active','1'),(132,'MX','Mexico','active','1'),(123,'MY','Malaysia','active','1'),(139,'MZ','Mozambique','active','1'),(140,'NA','Namibia','active','1'),(145,'NC','New Caledonia','active','1'),(148,'NE','Niger','active','1'),(237,'NF','Norfolk Island','active','1'),(149,'NG','Nigeria','active','1'),(147,'NI','Nicaragua','active','1'),(143,'NL','Netherlands','active','1'),(152,'NO','Norway','active','1'),(142,'NP','Nepal','active','1'),(141,'NR','Nauru','active','1'),(236,'NU','Niue','active','1'),(146,'NZ','New Zealand','active','1'),(153,'OM','Oman','active','1'),(156,'PA','Panama','active','1'),(159,'PE','Peru','active','1'),(71,'PF','French Polynesia','active','1'),(157,'PG','Papua New Guinea','active','1'),(160,'PH','Philippines','active','1'),(154,'PK','Pakistan','active','1'),(162,'PL','Poland','active','1'),(172,'PM','Saint Pierre and Miquelon','active','1'),(164,'PR','Puerto Rico','active','1'),(238,'PS','Palestinian Territory, Occupied','active','1'),(163,'PT','Portugal','active','1'),(155,'PW','Palau','active','1'),(158,'PY','Paraguay','active','1'),(165,'QA','Qatar','active','1'),(166,'RE','Reunion','active','1'),(167,'RO','Romania','active','1'),(239,'RS','Serbia','active','1'),(168,'RU','Russian Federation','active','1'),(169,'RW','Rwanda','active','1'),(177,'SA','Saudi Arabia','active','1'),(185,'SB','Solomon Islands','active','1'),(180,'SC','Seychelles','active','1'),(191,'SD','Sudan','active','1'),(194,'SE','Sweden','active','1'),(182,'SG','Singapore','active','1'),(184,'SI','Slovenia','active','1'),(183,'SK','Slovakia','active','1'),(181,'SL','Sierra Leone','active','1'),(175,'SM','San Marino','active','1'),(178,'SN','Senegal','active','1'),(186,'SO','Somalia','active','1'),(192,'SR','Suriname','active','1'),(176,'ST','Sao Tome and Principe','active','1'),(61,'SV','El Salvador','active','1'),(196,'SY','Syrian Arab Republic','active','1'),(193,'SZ','Swaziland','active','1'),(207,'TC','Turks and Caicos Islands','active','1'),(41,'TD','Chad','active','1'),(201,'TG','Togo','active','1'),(200,'TH','Thailand','active','1'),(198,'TJ','Tajikistan','active','1'),(240,'TK','Tokelau','active','1'),(206,'TM','Turkmenistan','active','1'),(204,'TN','Tunisia','active','1'),(202,'TO','Tonga','active','1'),(205,'TR','Turkey','active','1'),(203,'TT','Trinidad and Tobago','active','1'),(208,'TV','Tuvalu','active','1'),(197,'TW','Taiwan','active','1'),(199,'TZ','Tanzania, United Republic of','active','1'),(210,'UA','Ukraine','active','1'),(209,'UG','Uganda','active','1'),(241,'UM','United States Minor Outlying Islands','active','1'),(213,'US','United States','active','1'),(215,'UY','Uruguay','active','1'),(216,'UZ','Uzbekistan','active','1'),(89,'VA','Holy See (Vatican City State)','active','1'),(173,'VC','Saint Vincent and the Grenadines','active','1'),(218,'VE','Venezuela','active','1'),(30,'VG','Virgin Islands, British','active','1'),(214,'VI','Virgin Islands, U.S.','active','1'),(219,'VN','Vietnam','active','1'),(217,'VU','Vanuatu','active','1'),(242,'WF','Wallis and Futuna','active','1'),(174,'WS','Samoa','active','1'),(222,'YE','Yemen','active','1'),(131,'YT','Mayotte','active','1'),(187,'ZA','South Africa','active','1'),(225,'ZM','Zambia','active','1'),(226,'ZW','Zimbabwe','active','1'),(223,'YU','Yugoslavia','active','1');
/*!40000 ALTER TABLE `sysCountry` ENABLE KEYS */;
UNLOCK TABLES;

--
-- Table structure for table `sysLog`
--

DROP TABLE IF EXISTS `sysLog`;
/*!40101 SET @saved_cs_client     = @@character_set_client */;
/*!40101 SET character_set_client = utf8 */;
CREATE TABLE `sysLog` (
  `itemID` int(11) NOT NULL AUTO_INCREMENT,
  `userID` int(11) NOT NULL,
  `message` text,
  `userRemoteAddr` varchar(255) DEFAULT NULL,
  `userAgent` varchar(255) DEFAULT NULL,
  `userReferer` text,
  `sysDateCreated` datetime NOT NULL,
  `sysStatus` enum('active','inactive') NOT NULL DEFAULT 'active',
  `sysOpen` enum('0','1') NOT NULL DEFAULT '1',
  PRIMARY KEY (`itemID`)
) ENGINE=InnoDB AUTO_INCREMENT=88 DEFAULT CHARSET=utf8 COMMENT='Hold a log of system events.';
/*!40101 SET character_set_client = @saved_cs_client */;

--
-- Dumping data for table `sysLog`
--

LOCK TABLES `sysLog` WRITE;
/*!40000 ALTER TABLE `sysLog` DISABLE KEYS */;
INSERT INTO `sysLog` VALUES (1,1,'Current draft for page [Home] has been approved. Replaced live with draft version.','192.168.1.141','Mozilla/5.0 (Macintosh; Intel Mac OS X 10_6_1) AppleWebKit/535.1 (KHTML, like Gecko) Chrome/14.0.835.163 Safari/535.1','http://mike.130-001.dev.resolutionim.com/admin/content.php?bucketID=1&new=page','2011-09-20 10:39:41','active','1'),(2,1,'Content Deleted From Page: Home. DELETE FROM sysPageTemplateRegionContent WHERE contentID = \'167\' AND pageID = \'2\' AND regionID = \'4\';','192.168.1.141','Mozilla/5.0 (Macintosh; Intel Mac OS X 10_6_1) AppleWebKit/535.1 (KHTML, like Gecko) Chrome/14.0.835.163 Safari/535.1','http://mike.130-001.dev.resolutionim.com/admin/content.php?bucketID=1&new=page','2011-09-20 11:14:43','active','1'),(3,1,'A new draft for page [home] has been created.','192.168.1.141','Mozilla/5.0 (Macintosh; Intel Mac OS X 10_6_1) AppleWebKit/535.1 (KHTML, like Gecko) Chrome/14.0.835.163 Safari/535.1','http://mike.130-001.dev.resolutionim.com/admin/content.php?bucketID=1&new=page','2011-09-20 11:17:20','active','1'),(4,1,'A new draft for page [home] has been created.','192.168.1.141','Mozilla/5.0 (Macintosh; Intel Mac OS X 10_6_1) AppleWebKit/535.1 (KHTML, like Gecko) Chrome/14.0.835.163 Safari/535.1','http://mike.130-001.dev.resolutionim.com/admin/content.php?bucketID=1&new=page','2011-09-20 11:20:40','active','1'),(5,1,'Current draft for page [Home] has been approved. Replaced live with draft version.','192.168.1.141','Mozilla/5.0 (Macintosh; Intel Mac OS X 10_6_1) AppleWebKit/535.1 (KHTML, like Gecko) Chrome/14.0.835.163 Safari/535.1','http://mike.130-001.dev.resolutionim.com/admin/content.php?navID=1','2011-09-20 11:22:50','active','1'),(6,1,'Current draft for page [User Profile] has been approved. Replaced live with draft version.','173.33.9.249','Mozilla/5.0 (Macintosh; Intel Mac OS X 10_6_7) AppleWebKit/534.24 (KHTML, like Gecko) Chrome/11.0.696.65 Safari/534.24','http://ec2-107-20-5-214.compute-1.amazonaws.com/admin/content.php?navID=3&new=page','2011-09-21 13:55:41','active','1'),(7,1,'A new draft for page [registration-wizard] has been created.','173.33.9.249','Mozilla/5.0 (Macintosh; Intel Mac OS X 10_6_7) AppleWebKit/534.24 (KHTML, like Gecko) Chrome/11.0.696.65 Safari/534.24','http://ec2-107-20-5-214.compute-1.amazonaws.com/admin/content.php?navID=3&new=page','2011-09-21 13:55:46','active','1'),(8,1,'Current draft for page [Registration Wizard] has been approved. Replaced live with draft version.','173.33.9.249','Mozilla/5.0 (Macintosh; Intel Mac OS X 10_6_7) AppleWebKit/534.24 (KHTML, like Gecko) Chrome/11.0.696.65 Safari/534.24','http://ec2-107-20-5-214.compute-1.amazonaws.com/admin/content.php?navID=3','2011-09-21 13:55:48','active','1'),(9,1,'Current draft for page [User Account] has been approved. Replaced live with draft version.','173.33.9.249','Mozilla/5.0 (Macintosh; Intel Mac OS X 10_6_7) AppleWebKit/534.24 (KHTML, like Gecko) Chrome/11.0.696.65 Safari/534.24','http://ec2-107-20-5-214.compute-1.amazonaws.com/admin/content.php?navID=4&new=page','2011-09-21 13:56:05','active','1'),(10,1,'Current draft for page [Deposit] has been approved. Replaced live with draft version.','173.33.9.249','Mozilla/5.0 (Macintosh; Intel Mac OS X 10_6_7) AppleWebKit/534.24 (KHTML, like Gecko) Chrome/11.0.696.65 Safari/534.24','http://ec2-107-20-5-214.compute-1.amazonaws.com/admin/content.php?navID=5&new=page','2011-09-21 13:56:16','active','1'),(11,1,'Current draft for page [Withdraw] has been approved. Replaced live with draft version.','173.33.9.249','Mozilla/5.0 (Macintosh; Intel Mac OS X 10_6_7) AppleWebKit/534.24 (KHTML, like Gecko) Chrome/11.0.696.65 Safari/534.24','http://ec2-107-20-5-214.compute-1.amazonaws.com/admin/content.php?navID=6&new=page','2011-09-21 13:56:34','active','1'),(12,1,'Current draft for page [Dashboard] has been approved. Replaced live with draft version.','173.33.9.249','Mozilla/5.0 (Macintosh; Intel Mac OS X 10_6_7) AppleWebKit/534.24 (KHTML, like Gecko) Chrome/11.0.696.65 Safari/534.24','http://ec2-107-20-5-214.compute-1.amazonaws.com/admin/content.php?navID=4&new=page','2011-09-21 13:56:54','active','1'),(13,1,'Current draft for page [League] has been approved. Replaced live with draft version.','173.33.9.249','Mozilla/5.0 (Macintosh; Intel Mac OS X 10_6_7) AppleWebKit/534.24 (KHTML, like Gecko) Chrome/11.0.696.65 Safari/534.24','http://ec2-107-20-5-214.compute-1.amazonaws.com/admin/content.php?navID=8&new=page','2011-09-21 13:57:12','active','1'),(14,1,'Current draft for page [League Home] has been approved. Replaced live with draft version.','173.33.9.249','Mozilla/5.0 (Macintosh; Intel Mac OS X 10_6_7) AppleWebKit/534.24 (KHTML, like Gecko) Chrome/11.0.696.65 Safari/534.24','http://ec2-107-20-5-214.compute-1.amazonaws.com/admin/content.php?navID=9&new=page','2011-09-21 13:57:29','active','1'),(15,1,'Current draft for page [League Home] has been approved. Replaced live with draft version.','173.33.9.249','Mozilla/5.0 (Macintosh; Intel Mac OS X 10_6_7) AppleWebKit/534.24 (KHTML, like Gecko) Chrome/11.0.696.65 Safari/534.24','http://ec2-107-20-5-214.compute-1.amazonaws.com/admin/content.php?navID=9&new=page','2011-09-21 13:57:30','active','1'),(16,1,'A new draft for page [Untitled-21] has been created.','173.33.9.249','Mozilla/5.0 (Macintosh; Intel Mac OS X 10_6_7) AppleWebKit/534.24 (KHTML, like Gecko) Chrome/11.0.696.65 Safari/534.24','http://ec2-107-20-5-214.compute-1.amazonaws.com/admin/content.php?navID=8&new=page','2011-09-21 13:57:53','active','1'),(17,1,'Current draft for page [Managers] has been approved. Replaced live with draft version.','173.33.9.249','Mozilla/5.0 (Macintosh; Intel Mac OS X 10_6_7) AppleWebKit/534.24 (KHTML, like Gecko) Chrome/11.0.696.65 Safari/534.24','http://ec2-107-20-5-214.compute-1.amazonaws.com/admin/content.php?navID=11','2011-09-21 13:57:59','active','1'),(18,1,'A new draft for page [managers] has been created.','173.33.9.249','Mozilla/5.0 (Macintosh; Intel Mac OS X 10_6_7) AppleWebKit/534.24 (KHTML, like Gecko) Chrome/11.0.696.65 Safari/534.24','http://ec2-107-20-5-214.compute-1.amazonaws.com/admin/content.php?navID=8&new=page','2011-09-21 13:58:08','active','1'),(19,1,'Current draft for page [Transactions] has been approved. Replaced live with draft version.','173.33.9.249','Mozilla/5.0 (Macintosh; Intel Mac OS X 10_6_7) AppleWebKit/534.24 (KHTML, like Gecko) Chrome/11.0.696.65 Safari/534.24','http://ec2-107-20-5-214.compute-1.amazonaws.com/admin/content.php?navID=11&new=page','2011-09-21 13:58:34','active','1'),(20,1,'Current draft for page [Dues] has been approved. Replaced live with draft version.','173.33.9.249','Mozilla/5.0 (Macintosh; Intel Mac OS X 10_6_7) AppleWebKit/534.24 (KHTML, like Gecko) Chrome/11.0.696.65 Safari/534.24','http://ec2-107-20-5-214.compute-1.amazonaws.com/admin/content.php?navID=9&new=page','2011-09-21 13:58:50','active','1'),(21,1,'A new draft for page [user-profile] has been created.','173.33.9.249','Mozilla/5.0 (Macintosh; Intel Mac OS X 10_6_7) AppleWebKit/534.24 (KHTML, like Gecko) Chrome/11.0.696.65 Safari/534.24','http://ec2-107-20-5-214.compute-1.amazonaws.com/admin/content.php?navID=9&new=page','2011-09-21 13:58:55','active','1'),(22,1,'A new draft for page [user-account] has been created.','173.33.9.249','Mozilla/5.0 (Macintosh; Intel Mac OS X 10_6_7) AppleWebKit/534.24 (KHTML, like Gecko) Chrome/11.0.696.65 Safari/534.24','http://ec2-107-20-5-214.compute-1.amazonaws.com/admin/content.php?navID=4','2011-09-21 13:58:59','active','1'),(23,1,'Current draft for page [Settings] has been approved. Replaced live with draft version.','173.33.9.249','Mozilla/5.0 (Macintosh; Intel Mac OS X 10_6_7) AppleWebKit/534.24 (KHTML, like Gecko) Chrome/11.0.696.65 Safari/534.24','http://ec2-107-20-5-214.compute-1.amazonaws.com/admin/content.php?navID=14&new=page','2011-09-21 13:59:12','active','1'),(24,1,'Current draft for page [Franchise] has been approved. Replaced live with draft version.','173.33.9.249','Mozilla/5.0 (Macintosh; Intel Mac OS X 10_6_7) AppleWebKit/534.24 (KHTML, like Gecko) Chrome/11.0.696.65 Safari/534.24','http://ec2-107-20-5-214.compute-1.amazonaws.com/admin/content.php?navID=8&new=page','2011-09-21 13:59:37','active','1'),(25,1,'Current draft for page [Profile] has been approved. Replaced live with draft version.','173.33.9.249','Mozilla/5.0 (Macintosh; Intel Mac OS X 10_6_7) AppleWebKit/534.24 (KHTML, like Gecko) Chrome/11.0.696.65 Safari/534.24','http://ec2-107-20-5-214.compute-1.amazonaws.com/admin/content.php?navID=16&new=page','2011-09-21 13:59:52','active','1'),(26,1,'Current draft for page [Contracts] has been approved. Replaced live with draft version.','173.33.9.249','Mozilla/5.0 (Macintosh; Intel Mac OS X 10_6_7) AppleWebKit/534.24 (KHTML, like Gecko) Chrome/11.0.696.65 Safari/534.24','http://ec2-107-20-5-214.compute-1.amazonaws.com/admin/content.php?navID=17&new=page','2011-09-21 14:00:08','active','1'),(27,1,'Current draft for page [Team Log] has been approved. Replaced live with draft version.','173.33.9.249','Mozilla/5.0 (Macintosh; Intel Mac OS X 10_6_7) AppleWebKit/534.24 (KHTML, like Gecko) Chrome/11.0.696.65 Safari/534.24','http://ec2-107-20-5-214.compute-1.amazonaws.com/admin/content.php?navID=16&new=page','2011-09-21 14:00:22','active','1'),(28,1,'Current draft for page [Roster] has been approved. Replaced live with draft version.','173.33.9.249','Mozilla/5.0 (Macintosh; Intel Mac OS X 10_6_7) AppleWebKit/534.24 (KHTML, like Gecko) Chrome/11.0.696.65 Safari/534.24','http://ec2-107-20-5-214.compute-1.amazonaws.com/admin/content.php?navID=16&new=page','2011-09-21 14:00:33','active','1'),(29,1,'Current draft for page [Watch List] has been approved. Replaced live with draft version.','173.33.9.249','Mozilla/5.0 (Macintosh; Intel Mac OS X 10_6_7) AppleWebKit/534.24 (KHTML, like Gecko) Chrome/11.0.696.65 Safari/534.24','http://ec2-107-20-5-214.compute-1.amazonaws.com/admin/content.php?navID=16&new=page','2011-09-21 14:00:47','active','1'),(30,1,'Current draft for page [Matchup] has been approved. Replaced live with draft version.','173.33.9.249','Mozilla/5.0 (Macintosh; Intel Mac OS X 10_6_7) AppleWebKit/534.24 (KHTML, like Gecko) Chrome/11.0.696.65 Safari/534.24','http://ec2-107-20-5-214.compute-1.amazonaws.com/admin/content.php?navID=16&new=page','2011-09-21 14:01:33','active','1'),(31,1,'A new draft for page [Matchup] has been created.','173.33.9.249','Mozilla/5.0 (Macintosh; Intel Mac OS X 10_6_7) AppleWebKit/534.24 (KHTML, like Gecko) Chrome/11.0.696.65 Safari/534.24','http://ec2-107-20-5-214.compute-1.amazonaws.com/admin/content.php?navID=16&new=page','2011-09-21 14:01:41','active','1'),(32,1,'Current draft for page [Matchup] has been approved. Replaced live with draft version.','173.33.9.249','Mozilla/5.0 (Macintosh; Intel Mac OS X 10_6_7) AppleWebKit/534.24 (KHTML, like Gecko) Chrome/11.0.696.65 Safari/534.24','http://ec2-107-20-5-214.compute-1.amazonaws.com/admin/content.php?navID=22','2011-09-21 14:01:48','active','1'),(33,1,'A new draft for page [Matchup] has been created.','173.33.9.249','Mozilla/5.0 (Macintosh; Intel Mac OS X 10_6_7) AppleWebKit/534.24 (KHTML, like Gecko) Chrome/11.0.696.65 Safari/534.24','http://ec2-107-20-5-214.compute-1.amazonaws.com/admin/content.php?navID=16&new=page','2011-09-21 14:01:54','active','1'),(34,1,'A new draft for page [Matchup] has been created.','173.33.9.249','Mozilla/5.0 (Macintosh; Intel Mac OS X 10_6_7) AppleWebKit/534.24 (KHTML, like Gecko) Chrome/11.0.696.65 Safari/534.24','http://ec2-107-20-5-214.compute-1.amazonaws.com/admin/content.php?navID=22','2011-09-21 14:01:59','active','1'),(35,1,'Current draft for page [Players] has been approved. Replaced live with draft version.','173.33.9.249','Mozilla/5.0 (Macintosh; Intel Mac OS X 10_6_7) AppleWebKit/534.24 (KHTML, like Gecko) Chrome/11.0.696.65 Safari/534.24','http://ec2-107-20-5-214.compute-1.amazonaws.com/admin/content.php?navID=8&new=page','2011-09-21 14:02:26','active','1'),(36,1,'Current draft for page [List] has been approved. Replaced live with draft version.','173.33.9.249','Mozilla/5.0 (Macintosh; Intel Mac OS X 10_6_7) AppleWebKit/534.24 (KHTML, like Gecko) Chrome/11.0.696.65 Safari/534.24','http://ec2-107-20-5-214.compute-1.amazonaws.com/admin/content.php?navID=23&new=page','2011-09-21 14:02:43','active','1'),(37,1,'Current draft for page [Player Notes] has been approved. Replaced live with draft version.','173.33.9.249','Mozilla/5.0 (Macintosh; Intel Mac OS X 10_6_7) AppleWebKit/534.24 (KHTML, like Gecko) Chrome/11.0.696.65 Safari/534.24','http://ec2-107-20-5-214.compute-1.amazonaws.com/admin/content.php?navID=24&new=page','2011-09-21 14:03:02','active','1'),(38,1,'Current draft for page [Eligibility] has been approved. Replaced live with draft version.','173.33.9.249','Mozilla/5.0 (Macintosh; Intel Mac OS X 10_6_7) AppleWebKit/534.24 (KHTML, like Gecko) Chrome/11.0.696.65 Safari/534.24','http://ec2-107-20-5-214.compute-1.amazonaws.com/admin/content.php?navID=23&new=page','2011-09-21 14:03:22','active','1'),(39,1,'Current draft for page [Status] has been approved. Replaced live with draft version.','173.33.9.249','Mozilla/5.0 (Macintosh; Intel Mac OS X 10_6_7) AppleWebKit/534.24 (KHTML, like Gecko) Chrome/11.0.696.65 Safari/534.24','http://ec2-107-20-5-214.compute-1.amazonaws.com/admin/content.php?navID=23&new=page','2011-09-21 14:03:35','active','1'),(40,1,'Current draft for page [Stat Corrections] has been approved. Replaced live with draft version.','173.33.9.249','Mozilla/5.0 (Macintosh; Intel Mac OS X 10_6_7) AppleWebKit/534.24 (KHTML, like Gecko) Chrome/11.0.696.65 Safari/534.24','http://ec2-107-20-5-214.compute-1.amazonaws.com/admin/content.php?navID=23&new=page','2011-09-21 14:03:58','active','1'),(41,1,'Current draft for page [Trade Room] has been approved. Replaced live with draft version.','173.33.9.249','Mozilla/5.0 (Macintosh; Intel Mac OS X 10_6_7) AppleWebKit/534.24 (KHTML, like Gecko) Chrome/11.0.696.65 Safari/534.24','http://ec2-107-20-5-214.compute-1.amazonaws.com/admin/content.php?navID=8&new=page','2011-09-21 14:04:40','active','1'),(42,1,'Current draft for page [Board Room] has been approved. Replaced live with draft version.','173.33.9.249','Mozilla/5.0 (Macintosh; Intel Mac OS X 10_6_7) AppleWebKit/534.24 (KHTML, like Gecko) Chrome/11.0.696.65 Safari/534.24','http://ec2-107-20-5-214.compute-1.amazonaws.com/admin/content.php?navID=29&new=page','2011-09-21 14:04:55','active','1'),(43,1,'Current draft for page [Research] has been approved. Replaced live with draft version.','173.33.9.249','Mozilla/5.0 (Macintosh; Intel Mac OS X 10_6_7) AppleWebKit/534.24 (KHTML, like Gecko) Chrome/11.0.696.65 Safari/534.24','http://ec2-107-20-5-214.compute-1.amazonaws.com/admin/content.php?navID=8&new=page','2011-09-21 14:05:11','active','1'),(44,1,'Current draft for page [Hot/Cold] has been approved. Replaced live with draft version.','173.33.9.249','Mozilla/5.0 (Macintosh; Intel Mac OS X 10_6_7) AppleWebKit/534.24 (KHTML, like Gecko) Chrome/11.0.696.65 Safari/534.24','http://ec2-107-20-5-214.compute-1.amazonaws.com/admin/content.php?navID=31&new=page','2011-09-21 14:05:24','active','1'),(45,1,'Current draft for page [Transaction Trends] has been approved. Replaced live with draft version.','173.33.9.249','Mozilla/5.0 (Macintosh; Intel Mac OS X 10_6_7) AppleWebKit/534.24 (KHTML, like Gecko) Chrome/11.0.696.65 Safari/534.24','http://ec2-107-20-5-214.compute-1.amazonaws.com/admin/content.php?navID=31&new=page','2011-09-21 14:05:48','active','1'),(46,1,'Current draft for page [Roster Changes] has been approved. Replaced live with draft version.','173.33.9.249','Mozilla/5.0 (Macintosh; Intel Mac OS X 10_6_7) AppleWebKit/534.24 (KHTML, like Gecko) Chrome/11.0.696.65 Safari/534.24','http://ec2-107-20-5-214.compute-1.amazonaws.com/admin/content.php?navID=31&new=page','2011-09-21 14:06:06','active','1'),(47,1,'Current draft for page [Statistics] has been approved. Replaced live with draft version.','173.33.9.249','Mozilla/5.0 (Macintosh; Intel Mac OS X 10_6_7) AppleWebKit/534.24 (KHTML, like Gecko) Chrome/11.0.696.65 Safari/534.24','http://ec2-107-20-5-214.compute-1.amazonaws.com/admin/content.php?navID=31&new=page','2011-09-21 14:07:13','active','1'),(48,1,'Current draft for page [Team Stats] has been approved. Replaced live with draft version.','173.33.9.249','Mozilla/5.0 (Macintosh; Intel Mac OS X 10_6_7) AppleWebKit/534.24 (KHTML, like Gecko) Chrome/11.0.696.65 Safari/534.24','http://ec2-107-20-5-214.compute-1.amazonaws.com/admin/content.php?navID=35&new=page','2011-09-21 14:08:34','active','1'),(49,1,'Current draft for page [Record Book] has been approved. Replaced live with draft version.','173.33.9.249','Mozilla/5.0 (Macintosh; Intel Mac OS X 10_6_7) AppleWebKit/534.24 (KHTML, like Gecko) Chrome/11.0.696.65 Safari/534.24','http://ec2-107-20-5-214.compute-1.amazonaws.com/admin/content.php?navID=35&new=page','2011-09-21 14:08:50','active','1'),(50,1,'Current draft for page [Reports] has been approved. Replaced live with draft version.','173.33.9.249','Mozilla/5.0 (Macintosh; Intel Mac OS X 10_6_7) AppleWebKit/534.24 (KHTML, like Gecko) Chrome/11.0.696.65 Safari/534.24','http://ec2-107-20-5-214.compute-1.amazonaws.com/admin/content.php?navID=35&new=page','2011-09-21 14:09:04','active','1'),(51,1,'Current draft for page [Draft] has been approved. Replaced live with draft version.','173.33.9.249','Mozilla/5.0 (Macintosh; Intel Mac OS X 10_6_7) AppleWebKit/534.24 (KHTML, like Gecko) Chrome/11.0.696.65 Safari/534.24','http://ec2-107-20-5-214.compute-1.amazonaws.com/admin/content.php?navID=8&new=page','2011-09-21 14:09:18','active','1'),(52,1,'Current draft for page [Draft Room] has been approved. Replaced live with draft version.','173.33.9.249','Mozilla/5.0 (Macintosh; Intel Mac OS X 10_6_7) AppleWebKit/534.24 (KHTML, like Gecko) Chrome/11.0.696.65 Safari/534.24','http://ec2-107-20-5-214.compute-1.amazonaws.com/admin/content.php?navID=39&new=page','2011-09-21 14:09:34','active','1'),(53,1,'Current draft for page [Draft Outlook] has been approved. Replaced live with draft version.','173.33.9.249','Mozilla/5.0 (Macintosh; Intel Mac OS X 10_6_7) AppleWebKit/534.24 (KHTML, like Gecko) Chrome/11.0.696.65 Safari/534.24','http://ec2-107-20-5-214.compute-1.amazonaws.com/admin/content.php?navID=39&new=page','2011-09-21 14:09:51','active','1'),(54,1,'Current draft for page [Draft Inbox] has been approved. Replaced live with draft version.','173.33.9.249','Mozilla/5.0 (Macintosh; Intel Mac OS X 10_6_7) AppleWebKit/534.24 (KHTML, like Gecko) Chrome/11.0.696.65 Safari/534.24','http://ec2-107-20-5-214.compute-1.amazonaws.com/admin/content.php?navID=39&new=page','2011-09-21 14:10:34','active','1'),(55,1,'A new draft for page [draft-inbox] has been created.','173.33.9.249','Mozilla/5.0 (Macintosh; Intel Mac OS X 10_6_7) AppleWebKit/534.24 (KHTML, like Gecko) Chrome/11.0.696.65 Safari/534.24','http://ec2-107-20-5-214.compute-1.amazonaws.com/admin/content.php?navID=39&new=page','2011-09-21 14:10:47','active','1'),(56,1,'Current draft for page [Mock Drafts] has been approved. Replaced live with draft version.','173.33.9.249','Mozilla/5.0 (Macintosh; Intel Mac OS X 10_6_7) AppleWebKit/534.24 (KHTML, like Gecko) Chrome/11.0.696.65 Safari/534.24','http://ec2-107-20-5-214.compute-1.amazonaws.com/admin/content.php?navID=42','2011-09-21 14:10:58','active','1'),(57,1,'Current draft for page [Inbox] has been approved. Replaced live with draft version.','173.33.9.249','Mozilla/5.0 (Macintosh; Intel Mac OS X 10_6_7) AppleWebKit/534.24 (KHTML, like Gecko) Chrome/11.0.696.65 Safari/534.24','http://ec2-107-20-5-214.compute-1.amazonaws.com/admin/content.php?navID=39&new=page','2011-09-21 14:11:40','active','1'),(58,1,'Current draft for page [Baseball] has been approved. Replaced live with draft version.','173.33.9.249','Mozilla/5.0 (Macintosh; Intel Mac OS X 10_6_7) AppleWebKit/534.24 (KHTML, like Gecko) Chrome/11.0.696.65 Safari/534.24','http://ec2-107-20-5-214.compute-1.amazonaws.com/admin/content.php?bucketID=1&new=page','2011-09-21 14:13:00','active','1'),(59,1,'Current draft for page [Create a League] has been approved. Replaced live with draft version.','173.33.9.249','Mozilla/5.0 (Macintosh; Intel Mac OS X 10_6_7) AppleWebKit/534.24 (KHTML, like Gecko) Chrome/11.0.696.65 Safari/534.24','http://ec2-107-20-5-214.compute-1.amazonaws.com/admin/content.php?navID=44&new=page','2011-09-21 14:13:20','active','1'),(60,1,'Current draft for page [Join a League] has been approved. Replaced live with draft version.','173.33.9.249','Mozilla/5.0 (Macintosh; Intel Mac OS X 10_6_7) AppleWebKit/534.24 (KHTML, like Gecko) Chrome/11.0.696.65 Safari/534.24','http://ec2-107-20-5-214.compute-1.amazonaws.com/admin/content.php?navID=44&new=page','2011-09-21 14:23:30','active','1'),(61,1,'Current draft for page [MLB] has been approved. Replaced live with draft version.','173.33.9.249','Mozilla/5.0 (Macintosh; Intel Mac OS X 10_6_7) AppleWebKit/534.24 (KHTML, like Gecko) Chrome/11.0.696.65 Safari/534.24','http://ec2-107-20-5-214.compute-1.amazonaws.com/admin/content.php?navID=44&new=page','2011-09-21 14:23:46','active','1'),(62,1,'Current draft for page [Players] has been approved. Replaced live with draft version.','173.33.9.249','Mozilla/5.0 (Macintosh; Intel Mac OS X 10_6_7) AppleWebKit/534.24 (KHTML, like Gecko) Chrome/11.0.696.65 Safari/534.24','http://ec2-107-20-5-214.compute-1.amazonaws.com/admin/content.php?navID=47&new=page','2011-09-21 14:23:59','active','1'),(63,1,'Current draft for page [Players] has been approved. Replaced live with draft version.','173.33.9.249','Mozilla/5.0 (Macintosh; Intel Mac OS X 10_6_7) AppleWebKit/534.24 (KHTML, like Gecko) Chrome/11.0.696.65 Safari/534.24','http://ec2-107-20-5-214.compute-1.amazonaws.com/admin/content.php?navID=47&new=page','2011-09-21 14:24:07','active','1'),(64,1,'Current draft for page [Details] has been approved. Replaced live with draft version.','173.33.9.249','Mozilla/5.0 (Macintosh; Intel Mac OS X 10_6_7) AppleWebKit/534.24 (KHTML, like Gecko) Chrome/11.0.696.65 Safari/534.24','http://ec2-107-20-5-214.compute-1.amazonaws.com/admin/content.php?navID=47&new=page','2011-09-21 14:24:26','active','1'),(65,1,'Current draft for page [League Scores and Schedule] has been approved. Replaced live with draft version.','173.33.9.249','Mozilla/5.0 (Macintosh; Intel Mac OS X 10_6_7) AppleWebKit/534.24 (KHTML, like Gecko) Chrome/11.0.696.65 Safari/534.24','http://ec2-107-20-5-214.compute-1.amazonaws.com/admin/content.php?navID=47&new=page','2011-09-21 14:25:00','active','1'),(66,1,'Current draft for page [Boxscore] has been approved. Replaced live with draft version.','173.33.9.249','Mozilla/5.0 (Macintosh; Intel Mac OS X 10_6_7) AppleWebKit/534.24 (KHTML, like Gecko) Chrome/11.0.696.65 Safari/534.24','http://ec2-107-20-5-214.compute-1.amazonaws.com/admin/content.php?navID=50&new=page','2011-09-21 14:25:19','active','1'),(67,1,'Current draft for page [Preview] has been approved. Replaced live with draft version.','173.33.9.249','Mozilla/5.0 (Macintosh; Intel Mac OS X 10_6_7) AppleWebKit/534.24 (KHTML, like Gecko) Chrome/11.0.696.65 Safari/534.24','http://ec2-107-20-5-214.compute-1.amazonaws.com/admin/content.php?navID=50&new=page','2011-09-21 14:25:36','active','1'),(68,1,'Current draft for page [Recap] has been approved. Replaced live with draft version.','173.33.9.249','Mozilla/5.0 (Macintosh; Intel Mac OS X 10_6_7) AppleWebKit/534.24 (KHTML, like Gecko) Chrome/11.0.696.65 Safari/534.24','http://ec2-107-20-5-214.compute-1.amazonaws.com/admin/content.php?navID=50&new=page','2011-09-21 14:25:48','active','1'),(69,1,'Current draft for page [Team Stats] has been approved. Replaced live with draft version.','173.33.9.249','Mozilla/5.0 (Macintosh; Intel Mac OS X 10_6_7) AppleWebKit/534.24 (KHTML, like Gecko) Chrome/11.0.696.65 Safari/534.24','http://ec2-107-20-5-214.compute-1.amazonaws.com/admin/content.php?navID=47&new=page','2011-09-21 14:26:32','active','1'),(70,1,'Current draft for page [Transactions] has been approved. Replaced live with draft version.','173.33.9.249','Mozilla/5.0 (Macintosh; Intel Mac OS X 10_6_7) AppleWebKit/534.24 (KHTML, like Gecko) Chrome/11.0.696.65 Safari/534.24','http://ec2-107-20-5-214.compute-1.amazonaws.com/admin/content.php?navID=56&new=page','2011-09-21 14:27:11','active','1'),(71,1,'Current draft for page [News] has been approved. Replaced live with draft version.','173.33.9.249','Mozilla/5.0 (Macintosh; Intel Mac OS X 10_6_7) AppleWebKit/534.24 (KHTML, like Gecko) Chrome/11.0.696.65 Safari/534.24','http://ec2-107-20-5-214.compute-1.amazonaws.com/admin/content.php?navID=47&new=page','2011-09-21 14:27:30','active','1'),(72,1,'Current draft for page [League Details] has been approved. Replaced live with draft version.','173.33.9.249','Mozilla/5.0 (Macintosh; Intel Mac OS X 10_6_7) AppleWebKit/534.24 (KHTML, like Gecko) Chrome/11.0.696.65 Safari/534.24','http://ec2-107-20-5-214.compute-1.amazonaws.com/admin/content.php?navID=46&new=page','2011-09-21 14:48:53','active','1'),(73,1,'Current draft for page [Create a Franchise] has been approved. Replaced live with draft version.','173.33.9.249','Mozilla/5.0 (Macintosh; Intel Mac OS X 10_6_7) AppleWebKit/534.24 (KHTML, like Gecko) Chrome/11.0.696.65 Safari/534.24','http://ec2-107-20-5-214.compute-1.amazonaws.com/admin/content.php?navID=59&new=page','2011-09-21 14:49:13','active','1'),(74,1,'Current draft for page [Basketball] has been approved. Replaced live with draft version.','173.33.9.249','Mozilla/5.0 (Macintosh; Intel Mac OS X 10_6_7) AppleWebKit/534.24 (KHTML, like Gecko) Chrome/11.0.696.65 Safari/534.24','http://ec2-107-20-5-214.compute-1.amazonaws.com/admin/content.php?navID=44&new=page','2011-09-21 14:49:35','active','1'),(75,1,'Current draft for page [Hockey] has been approved. Replaced live with draft version.','173.33.9.249','Mozilla/5.0 (Macintosh; Intel Mac OS X 10_6_7) AppleWebKit/534.24 (KHTML, like Gecko) Chrome/11.0.696.65 Safari/534.24','http://ec2-107-20-5-214.compute-1.amazonaws.com/admin/content.php?navID=61&new=page','2011-09-21 14:49:43','active','1'),(76,1,'Current draft for page [Marketplace] has been approved. Replaced live with draft version.','173.33.9.249','Mozilla/5.0 (Macintosh; Intel Mac OS X 10_6_7) AppleWebKit/534.24 (KHTML, like Gecko) Chrome/11.0.696.65 Safari/534.24','http://ec2-107-20-5-214.compute-1.amazonaws.com/admin/content.php?navID=62&new=page','2011-09-21 14:50:13','active','1'),(77,1,'Current draft for page [Take a Tour] has been approved. Replaced live with draft version.','173.33.9.249','Mozilla/5.0 (Macintosh; Intel Mac OS X 10_6_7) AppleWebKit/534.24 (KHTML, like Gecko) Chrome/11.0.696.65 Safari/534.24','http://ec2-107-20-5-214.compute-1.amazonaws.com/admin/content.php?navID=64&new=page','2011-09-21 14:50:34','active','1'),(78,1,'Current draft for page [FAQ] has been approved. Replaced live with draft version.','173.33.9.249','Mozilla/5.0 (Macintosh; Intel Mac OS X 10_6_7) AppleWebKit/534.24 (KHTML, like Gecko) Chrome/11.0.696.65 Safari/534.24','http://ec2-107-20-5-214.compute-1.amazonaws.com/admin/content.php?navID=65&new=page','2011-09-21 14:50:50','active','1'),(79,1,'Current draft for page [Live Chat] has been approved. Replaced live with draft version.','173.33.9.249','Mozilla/5.0 (Macintosh; Intel Mac OS X 10_6_7) AppleWebKit/534.24 (KHTML, like Gecko) Chrome/11.0.696.65 Safari/534.24','http://ec2-107-20-5-214.compute-1.amazonaws.com/admin/content.php?navID=66&new=page','2011-09-21 14:50:59','active','1'),(80,1,'Current draft for page [Privacy Policy] has been approved. Replaced live with draft version.','173.33.9.249','Mozilla/5.0 (Macintosh; Intel Mac OS X 10_6_7) AppleWebKit/534.24 (KHTML, like Gecko) Chrome/11.0.696.65 Safari/534.24','http://ec2-107-20-5-214.compute-1.amazonaws.com/admin/content.php?navID=67&new=page','2011-09-21 15:00:04','active','1'),(81,1,'Current draft for page [Terms and Conditions] has been approved. Replaced live with draft version.','173.33.9.249','Mozilla/5.0 (Macintosh; Intel Mac OS X 10_6_7) AppleWebKit/534.24 (KHTML, like Gecko) Chrome/11.0.696.65 Safari/534.24','http://ec2-107-20-5-214.compute-1.amazonaws.com/admin/content.php?navID=68&new=page','2011-09-21 15:00:22','active','1'),(82,1,'Current draft for page [Support] has been approved. Replaced live with draft version.','173.33.9.249','Mozilla/5.0 (Macintosh; Intel Mac OS X 10_6_7) AppleWebKit/534.24 (KHTML, like Gecko) Chrome/11.0.696.65 Safari/534.24','http://ec2-107-20-5-214.compute-1.amazonaws.com/admin/content.php?bucketID=3&new=page','2011-09-21 15:00:33','active','1'),(83,1,'Current draft for page [Contact] has been approved. Replaced live with draft version.','173.33.9.249','Mozilla/5.0 (Macintosh; Intel Mac OS X 10_6_7) AppleWebKit/534.24 (KHTML, like Gecko) Chrome/11.0.696.65 Safari/534.24','http://ec2-107-20-5-214.compute-1.amazonaws.com/admin/content.php?navID=70&new=page','2011-09-21 15:00:43','active','1'),(84,1,'Current draft for page [Forum] has been approved. Replaced live with draft version.','173.33.9.249','Mozilla/5.0 (Macintosh; Intel Mac OS X 10_6_7) AppleWebKit/534.24 (KHTML, like Gecko) Chrome/11.0.696.65 Safari/534.24','http://ec2-107-20-5-214.compute-1.amazonaws.com/admin/content.php?navID=71&new=page','2011-09-21 15:00:56','active','1'),(85,1,'A new draft for page [home] has been created.','173.33.9.249','Mozilla/5.0 (Macintosh; Intel Mac OS X 10_6_1) AppleWebKit/535.1 (KHTML, like Gecko) Chrome/14.0.835.163 Safari/535.1','http://ec2-107-20-5-214.compute-1.amazonaws.com/admin/super-powers/widgets.php?view=edit&id=1793','2011-09-21 15:23:42','active','1'),(86,1,'A new draft for page [home] has been created.','173.33.9.249','Mozilla/5.0 (Macintosh; Intel Mac OS X 10_6_1) AppleWebKit/535.1 (KHTML, like Gecko) Chrome/14.0.835.163 Safari/535.1','http://ec2-107-20-5-214.compute-1.amazonaws.com/admin/super-powers/widgets.php?view=edit&id=1793','2011-09-21 15:30:02','active','1'),(87,1,'Current draft for page [Home] has been approved. Replaced live with draft version.','173.33.9.249','Mozilla/5.0 (Macintosh; Intel Mac OS X 10_6_1) AppleWebKit/535.1 (KHTML, like Gecko) Chrome/14.0.835.163 Safari/535.1','http://ec2-107-20-5-214.compute-1.amazonaws.com/admin/content.php?navID=1','2011-09-21 15:44:42','active','1');
/*!40000 ALTER TABLE `sysLog` ENABLE KEYS */;
UNLOCK TABLES;

--
-- Table structure for table `sysNav`
--

DROP TABLE IF EXISTS `sysNav`;
/*!40101 SET @saved_cs_client     = @@character_set_client */;
/*!40101 SET character_set_client = utf8 */;
CREATE TABLE `sysNav` (
  `itemID` int(11) NOT NULL AUTO_INCREMENT,
  `bucketID` int(11) DEFAULT NULL COMMENT 'The nav bucket this item belongs to in sysNavBuckets',
  `parentID` int(11) DEFAULT '0',
  `myOrder` int(11) DEFAULT NULL,
  `pageSystemName` varchar(50) DEFAULT NULL COMMENT 'The systemName of the page this links to if it links to a page at all.',
  `url` varchar(255) DEFAULT NULL,
  `target` varchar(30) DEFAULT NULL,
  `label` varchar(255) NOT NULL DEFAULT '',
  `sysStatus` enum('active','inactive') NOT NULL DEFAULT 'active' COMMENT 'Nav items can be made inactive (hidden from widgets) this will also make the page inaccessible on the front end by making the page inactive in sysPage via the Page class.',
  `sysOpen` enum('0','1') NOT NULL DEFAULT '1',
  PRIMARY KEY (`itemID`),
  KEY `parentID` (`parentID`),
  KEY `bucketID` (`bucketID`)
) ENGINE=InnoDB AUTO_INCREMENT=73 DEFAULT CHARSET=utf8 COMMENT='Stores Navigation For The Layout';
/*!40101 SET character_set_client = @saved_cs_client */;

--
-- Dumping data for table `sysNav`
--

LOCK TABLES `sysNav` WRITE;
/*!40000 ALTER TABLE `sysNav` DISABLE KEYS */;
INSERT INTO `sysNav` VALUES (1,1,0,0,'home',NULL,'','Home','active','1'),(2,1,0,0,'Untitled-3',NULL,'','Untitled','inactive','0'),(3,1,0,0,'registration-wizard',NULL,'','Registration Wizard','active','1'),(4,1,0,0,'user-profile',NULL,'','User Profile','active','1'),(5,1,4,0,'user-account',NULL,'','User Account','active','1'),(6,1,5,0,'deposit',NULL,'','Deposit','active','1'),(7,1,5,1,'withdraw',NULL,'','Withdraw','active','1'),(8,1,0,0,'dashboard',NULL,'','Dashboard','active','1'),(9,1,8,0,'league',NULL,'','League','active','1'),(10,1,9,0,'league-home',NULL,'','League Home','active','1'),(11,1,9,1,'managers',NULL,'','Managers','active','1'),(12,1,0,0,'Untitled-22',NULL,'','Untitled','inactive','0'),(13,1,9,2,'transactions',NULL,'','Transactions','active','1'),(14,1,9,3,'dues',NULL,'','Dues','active','1'),(15,1,9,4,'settings',NULL,'','Settings','active','1'),(16,1,8,1,'franchise',NULL,'','Franchise','active','1'),(17,1,16,0,'profile',NULL,'','Profile','active','1'),(18,1,16,1,'contracts',NULL,'','Contracts','active','1'),(19,1,16,2,'team-log',NULL,'','Team Log','active','1'),(20,1,16,3,'roster',NULL,'','Roster','active','1'),(21,1,16,4,'watch-list',NULL,'','Watch List','active','1'),(22,1,8,2,'Matchup',NULL,'','Matchup','active','1'),(23,1,8,3,'players',NULL,'','Players','active','1'),(24,1,23,0,'list',NULL,'','List','active','1'),(25,1,23,1,'player-notes',NULL,'','Player Notes','active','1'),(26,1,23,2,'eligibility',NULL,'','Eligibility','active','1'),(27,1,23,3,'status',NULL,'','Status','active','1'),(28,1,23,4,'stat-corrections',NULL,'','Stat Corrections','active','1'),(29,1,8,4,'trade-room',NULL,'','Trade Room','active','1'),(30,1,8,5,'board-room',NULL,'','Board Room','active','1'),(31,1,8,6,'research',NULL,'','Research','active','1'),(32,1,31,0,'hot/cold',NULL,'','Hot/Cold','active','1'),(33,1,31,1,'transaction-trends',NULL,'','Transaction Trends','active','1'),(34,1,31,2,'roster-changes',NULL,'','Roster Changes','active','1'),(35,1,8,7,'statistics',NULL,'','Statistics','active','1'),(36,1,35,0,'team-stats',NULL,'','Team Stats','active','1'),(37,1,35,1,'record-book',NULL,'','Record Book','active','1'),(38,1,35,2,'reports',NULL,'','Reports','active','1'),(39,1,8,8,'draft',NULL,'','Draft','active','1'),(40,1,39,0,'draft-room',NULL,'','Draft Room','active','1'),(41,1,39,1,'draft-outlook',NULL,'','Draft Outlook','active','1'),(42,1,39,2,'mock-drafts',NULL,'','Mock Drafts','active','1'),(43,1,8,9,'inbox',NULL,'','Inbox','active','1'),(44,1,0,0,'baseball',NULL,'','Baseball','active','1'),(45,1,44,0,'create-a-league',NULL,'','Create a League','active','1'),(46,1,44,1,'join-a-league',NULL,'','Join a League','active','1'),(47,1,44,3,'mlb',NULL,'','MLB','active','1'),(48,1,47,0,'mlb-players',NULL,'','Players','active','1'),(49,1,48,0,'details',NULL,'','Details','active','1'),(50,1,47,1,'league-scores-and-schedule',NULL,'','League Scores and Schedule','active','1'),(51,1,50,0,'boxscore',NULL,'','Boxscore','active','1'),(52,1,50,1,'preview',NULL,'','Preview','active','1'),(53,1,50,2,'recap',NULL,'','Recap','active','1'),(54,1,47,2,'standings',NULL,'','Standings','active','1'),(55,1,47,3,'mlb-team-stats',NULL,'','Team Stats','active','1'),(56,1,47,4,'team-roster',NULL,'','Team Roster','active','1'),(57,1,47,5,'mlb-transactions',NULL,'','Transactions','active','1'),(58,1,47,6,'news',NULL,'','News','active','1'),(59,1,46,0,'league-details',NULL,'','League Details','active','1'),(60,1,46,1,'create-a-franchise',NULL,'','Create a Franchise','active','1'),(61,1,0,0,'basketball',NULL,'','Basketball','active','1'),(62,1,0,0,'hockey',NULL,'','Hockey','active','1'),(63,1,0,0,'marketplace',NULL,'','Marketplace','active','1'),(64,1,0,0,'store',NULL,'','Store','active','1'),(65,1,0,0,'take-a-tour',NULL,'','Take a Tour','active','1'),(66,1,0,0,'faq',NULL,'','FAQ','active','1'),(67,1,0,0,'live-chat',NULL,'','Live Chat','active','1'),(68,2,0,0,'privacy-policy',NULL,'','Privacy Policy','active','1'),(69,2,0,1,'terms-and-conditions',NULL,'','Terms and Conditions','active','1'),(70,2,0,2,'support',NULL,'','Support','active','1'),(71,2,0,3,'contact',NULL,'','Contact','active','1'),(72,2,0,4,'forum',NULL,'','Forum','active','1');
/*!40000 ALTER TABLE `sysNav` ENABLE KEYS */;
UNLOCK TABLES;

--
-- Table structure for table `sysNavBuckets`
--

DROP TABLE IF EXISTS `sysNavBuckets`;
/*!40101 SET @saved_cs_client     = @@character_set_client */;
/*!40101 SET character_set_client = utf8 */;
CREATE TABLE `sysNavBuckets` (
  `itemID` int(11) NOT NULL AUTO_INCREMENT,
  `instanceID` int(11) NOT NULL DEFAULT '0',
  `myOrder` int(11) DEFAULT NULL,
  `layoutReferenceName` varchar(50) DEFAULT NULL,
  `label` varchar(255) NOT NULL DEFAULT '',
  `isNIN` enum('0','1') NOT NULL DEFAULT '0' COMMENT 'A field to identify the NIN bucket reliably.',
  `sysOpen` enum('0','1') NOT NULL DEFAULT '1',
  PRIMARY KEY (`itemID`)
) ENGINE=InnoDB AUTO_INCREMENT=5 DEFAULT CHARSET=utf8 COMMENT='Stores Navigation Buckets For The Layout';
/*!40101 SET character_set_client = @saved_cs_client */;

--
-- Dumping data for table `sysNavBuckets`
--

LOCK TABLES `sysNavBuckets` WRITE;
/*!40000 ALTER TABLE `sysNavBuckets` DISABLE KEYS */;
INSERT INTO `sysNavBuckets` VALUES (1,1,1,'primary','Primary Navigation','0','1'),(2,1,2,'footer','Footer Navigation','0','1'),(3,1,3,'nin','Not In Navigation','1','1');
/*!40000 ALTER TABLE `sysNavBuckets` ENABLE KEYS */;
UNLOCK TABLES;

--
-- Table structure for table `sysNavConfig`
--

DROP TABLE IF EXISTS `sysNavConfig`;
/*!40101 SET @saved_cs_client     = @@character_set_client */;
/*!40101 SET character_set_client = utf8 */;
CREATE TABLE `sysNavConfig` (
  `itemID` int(11) NOT NULL AUTO_INCREMENT,
  `pageID` int(11) DEFAULT '0',
  `configOption` int(11) DEFAULT '2',
  `showParent` enum('0','1') NOT NULL DEFAULT '0',
  `sysStatus` enum('active','inactive') NOT NULL DEFAULT 'active',
  `sysOpen` enum('0','1') NOT NULL DEFAULT '1',
  PRIMARY KEY (`itemID`)
) ENGINE=InnoDB DEFAULT CHARSET=utf8 COMMENT='Holds Config for Page Navigation';
/*!40101 SET character_set_client = @saved_cs_client */;

--
-- Dumping data for table `sysNavConfig`
--

LOCK TABLES `sysNavConfig` WRITE;
/*!40000 ALTER TABLE `sysNavConfig` DISABLE KEYS */;
/*!40000 ALTER TABLE `sysNavConfig` ENABLE KEYS */;
UNLOCK TABLES;

--
-- Table structure for table `sysPage`
--

DROP TABLE IF EXISTS `sysPage`;
/*!40101 SET @saved_cs_client     = @@character_set_client */;
/*!40101 SET character_set_client = utf8 */;
CREATE TABLE `sysPage` (
  `itemID` int(11) NOT NULL AUTO_INCREMENT,
  `instanceID` int(11) DEFAULT '1',
  `checkOutID` int(11) DEFAULT NULL COMMENT 'Who is currently editing this if not NULL',
  `approveNotifyID` int(11) DEFAULT NULL COMMENT 'Who to notify if the content is approved. (Original author if not admin)',
  `editPrivID` int(11) DEFAULT NULL COMMENT 'PrivID required to be able to edit. Usually NULL.',
  `isEditing` int(11) DEFAULT NULL,
  `privID` int(11) DEFAULT '0' COMMENT 'PrivID required to be able to view on front end. Usually NULL.',
  `templateID` int(11) DEFAULT '0',
  `systemName` varchar(50) DEFAULT NULL,
  `label` varchar(80) DEFAULT NULL,
  `masterHeading` varchar(255) NOT NULL DEFAULT '',
  `pageDescription` varchar(100) DEFAULT NULL,
  `pageKeywords` text,
  `isHomepage` enum('0','1') NOT NULL DEFAULT '0',
  `isProtected` enum('0','1') NOT NULL DEFAULT '0' COMMENT 'Not used anymore. Let Brendan delete.',
  `isDevLocked` enum('0','1') NOT NULL DEFAULT '0' COMMENT 'Lock a page out from editing to protect applications',
  `sysDateCreated` datetime NOT NULL DEFAULT '0000-00-00 00:00:00',
  `sysVersion` enum('live','draft','archive') NOT NULL DEFAULT 'draft',
  `sysStatus` enum('active','inactive') NOT NULL DEFAULT 'active',
  `sysOpen` enum('0','1') NOT NULL DEFAULT '1',
  PRIMARY KEY (`itemID`),
  KEY `template` (`templateID`)
) ENGINE=InnoDB AUTO_INCREMENT=144 DEFAULT CHARSET=utf8 COMMENT='Stores Page Information';
/*!40101 SET character_set_client = @saved_cs_client */;

--
-- Dumping data for table `sysPage`
--

LOCK TABLES `sysPage` WRITE;
/*!40000 ALTER TABLE `sysPage` DISABLE KEYS */;
INSERT INTO `sysPage` VALUES (1,1,NULL,NULL,NULL,NULL,0,2,'home','Home','Untitled-',NULL,NULL,'1','0','0','2011-09-20 10:39:27','archive','active','1'),(2,1,NULL,NULL,0,NULL,0,2,'home','Home','Untitled-','','','1','0','0','2011-09-20 10:39:41','archive','active','1'),(3,1,NULL,NULL,NULL,NULL,0,1,'Untitled-3','Untitled','Untitled-3',NULL,NULL,'0','0','0','2011-09-20 11:17:05','draft','inactive','0'),(4,1,NULL,NULL,0,NULL,0,2,'home','Home','Untitled-','','','1','0','0','2011-09-20 11:22:50','live','active','1'),(5,1,NULL,NULL,NULL,NULL,0,1,'registration-wizard','Registration Wizard','Untitled-5',NULL,NULL,'0','0','0','2011-09-21 13:55:01','live','active','1'),(6,1,NULL,NULL,NULL,NULL,0,1,'user-profile','User Profile','Untitled-6',NULL,NULL,'0','0','0','2011-09-21 13:55:22','live','active','1'),(7,1,NULL,NULL,0,NULL,0,1,'user-profile','User Profile','Untitled-6','','','0','0','0','2011-09-21 13:55:41','draft','active','1'),(8,1,NULL,NULL,0,NULL,0,1,'registration-wizard','Registration Wizard','Untitled-5','','','0','0','0','2011-09-21 13:55:48','draft','active','1'),(9,1,NULL,NULL,NULL,NULL,0,1,'user-account','User Account','Untitled-9',NULL,NULL,'0','0','0','2011-09-21 13:55:51','live','active','1'),(10,1,NULL,NULL,0,NULL,0,1,'user-account','User Account','Untitled-9','','','0','0','0','2011-09-21 13:56:05','draft','active','1'),(11,1,NULL,NULL,NULL,NULL,0,1,'deposit','Deposit','Untitled-11',NULL,NULL,'0','0','0','2011-09-21 13:56:10','live','active','1'),(12,1,NULL,NULL,0,NULL,0,1,'deposit','Deposit','Untitled-11','','','0','0','0','2011-09-21 13:56:16','draft','active','1'),(13,1,NULL,NULL,NULL,NULL,0,1,'withdraw','Withdraw','Untitled-13',NULL,NULL,'0','0','0','2011-09-21 13:56:24','live','active','1'),(14,1,NULL,NULL,0,NULL,0,1,'withdraw','Withdraw','Untitled-13','','','0','0','0','2011-09-21 13:56:34','draft','active','1'),(15,1,NULL,NULL,NULL,NULL,0,1,'dashboard','Dashboard','Untitled-15',NULL,NULL,'0','0','0','2011-09-21 13:56:46','live','active','1'),(16,1,NULL,NULL,0,NULL,0,1,'dashboard','Dashboard','Untitled-15','','','0','0','0','2011-09-21 13:56:54','draft','active','1'),(17,1,NULL,NULL,NULL,NULL,0,1,'league','League','Untitled-17',NULL,NULL,'0','0','0','2011-09-21 13:57:01','live','active','1'),(18,1,NULL,NULL,0,NULL,0,1,'league','League','Untitled-17','','','0','0','0','2011-09-21 13:57:12','draft','active','1'),(19,1,NULL,NULL,NULL,NULL,0,1,'league-home','League Home','Untitled-19',NULL,NULL,'0','0','0','2011-09-21 13:57:18','live','active','1'),(20,1,NULL,NULL,0,NULL,0,1,'league-home','League Home','Untitled-19','','','0','0','0','2011-09-21 13:57:29','draft','active','1'),(21,1,NULL,NULL,NULL,NULL,0,1,'managers','Managers','Untitled-21',NULL,NULL,'0','0','0','2011-09-21 13:57:37','live','active','1'),(22,1,NULL,NULL,NULL,NULL,0,1,'Untitled-22','Untitled','Untitled-22',NULL,NULL,'0','0','0','2011-09-21 13:57:44','draft','inactive','0'),(23,1,NULL,NULL,0,NULL,0,1,'managers','Managers','Untitled-21','','','0','0','0','2011-09-21 13:57:59','draft','active','1'),(24,1,NULL,NULL,NULL,NULL,0,1,'transactions','Transactions','Untitled-24',NULL,NULL,'0','0','0','2011-09-21 13:58:24','live','active','1'),(25,1,NULL,NULL,0,NULL,0,1,'transactions','Transactions','Untitled-24','','','0','0','0','2011-09-21 13:58:34','draft','active','1'),(26,1,NULL,NULL,NULL,NULL,0,1,'dues','Dues','Untitled-26',NULL,NULL,'0','0','0','2011-09-21 13:58:40','live','active','1'),(27,1,NULL,NULL,0,NULL,0,1,'dues','Dues','Untitled-26','','','0','0','0','2011-09-21 13:58:50','draft','active','1'),(28,1,NULL,NULL,NULL,NULL,0,1,'settings','Settings','Untitled-28',NULL,NULL,'0','0','0','2011-09-21 13:59:05','live','active','1'),(29,1,NULL,NULL,0,NULL,0,1,'settings','Settings','Untitled-28','','','0','0','0','2011-09-21 13:59:12','draft','active','1'),(30,1,NULL,NULL,NULL,NULL,0,1,'franchise','Franchise','Untitled-30',NULL,NULL,'0','0','0','2011-09-21 13:59:24','live','active','1'),(31,1,NULL,NULL,0,NULL,0,1,'franchise','Franchise','Untitled-30','','','0','0','0','2011-09-21 13:59:37','draft','active','1'),(32,1,NULL,NULL,NULL,NULL,0,1,'profile','Profile','Untitled-32',NULL,NULL,'0','0','0','2011-09-21 13:59:41','live','active','1'),(33,1,NULL,NULL,0,NULL,0,1,'profile','Profile','Untitled-32','','','0','0','0','2011-09-21 13:59:52','draft','active','1'),(34,1,NULL,NULL,NULL,NULL,0,1,'contracts','Contracts','Untitled-34',NULL,NULL,'0','0','0','2011-09-21 13:59:59','live','active','1'),(35,1,NULL,NULL,0,NULL,0,1,'contracts','Contracts','Untitled-34','','','0','0','0','2011-09-21 14:00:08','draft','active','1'),(36,1,NULL,NULL,NULL,NULL,0,1,'team-log','Team Log','Untitled-36',NULL,NULL,'0','0','0','2011-09-21 14:00:15','live','active','1'),(37,1,NULL,NULL,0,NULL,0,1,'team-log','Team Log','Untitled-36','','','0','0','0','2011-09-21 14:00:22','draft','active','1'),(38,1,NULL,NULL,NULL,NULL,0,1,'roster','Roster','Untitled-38',NULL,NULL,'0','0','0','2011-09-21 14:00:27','live','active','1'),(39,1,NULL,NULL,0,NULL,0,1,'roster','Roster','Untitled-38','','','0','0','0','2011-09-21 14:00:33','draft','active','1'),(40,1,NULL,NULL,NULL,NULL,0,1,'watch-list','Watch List','Untitled-40',NULL,NULL,'0','0','0','2011-09-21 14:00:39','live','active','1'),(41,1,NULL,NULL,0,NULL,0,1,'watch-list','Watch List','Untitled-40','','','0','0','0','2011-09-21 14:00:47','draft','active','1'),(42,1,NULL,NULL,NULL,NULL,0,1,'Matchup','Matchup','Untitled-42',NULL,NULL,'0','0','0','2011-09-21 14:01:11','archive','active','1'),(43,1,NULL,NULL,0,NULL,0,1,'Matchup','Matchup','Untitled-42','','','0','0','0','2011-09-21 14:01:33','live','active','1'),(44,1,NULL,NULL,0,NULL,0,1,'Matchup','Matchup','Untitled-42','','','0','0','0','2011-09-21 14:01:48','draft','active','1'),(45,1,NULL,NULL,NULL,NULL,0,1,'players','Players','Untitled-45',NULL,NULL,'0','0','0','2011-09-21 14:02:14','live','active','1'),(46,1,NULL,NULL,0,NULL,0,1,'players','Players','Untitled-45','','','0','0','0','2011-09-21 14:02:26','draft','active','1'),(47,1,NULL,NULL,NULL,NULL,0,1,'list','List','Untitled-47',NULL,NULL,'0','0','0','2011-09-21 14:02:34','live','active','1'),(48,1,NULL,NULL,0,NULL,0,1,'list','List','Untitled-47','','','0','0','0','2011-09-21 14:02:43','draft','active','1'),(49,1,NULL,NULL,NULL,NULL,0,1,'player-notes','Player Notes','Untitled-49',NULL,NULL,'0','0','0','2011-09-21 14:02:52','live','active','1'),(50,1,NULL,NULL,0,NULL,0,1,'player-notes','Player Notes','Untitled-49','','','0','0','0','2011-09-21 14:03:02','draft','active','1'),(51,1,NULL,NULL,NULL,NULL,0,1,'eligibility','Eligibility','Untitled-51',NULL,NULL,'0','0','0','2011-09-21 14:03:07','live','active','1'),(52,1,NULL,NULL,0,NULL,0,1,'eligibility','Eligibility','Untitled-51','','','0','0','0','2011-09-21 14:03:22','draft','active','1'),(53,1,NULL,NULL,NULL,NULL,0,1,'status','Status','Untitled-53',NULL,NULL,'0','0','0','2011-09-21 14:03:30','live','active','1'),(54,1,NULL,NULL,0,NULL,0,1,'status','Status','Untitled-53','','','0','0','0','2011-09-21 14:03:35','draft','active','1'),(55,1,NULL,NULL,NULL,NULL,0,1,'stat-corrections','Stat Corrections','Untitled-55',NULL,NULL,'0','0','0','2011-09-21 14:03:43','live','active','1'),(56,1,NULL,NULL,0,NULL,0,1,'stat-corrections','Stat Corrections','Untitled-55','','','0','0','0','2011-09-21 14:03:58','draft','active','1'),(57,1,NULL,NULL,NULL,NULL,0,1,'trade-room','Trade Room','Untitled-57',NULL,NULL,'0','0','0','2011-09-21 14:04:30','live','active','1'),(58,1,NULL,NULL,0,NULL,0,1,'trade-room','Trade Room','Untitled-57','','','0','0','0','2011-09-21 14:04:40','draft','active','1'),(59,1,NULL,NULL,NULL,NULL,0,1,'board-room','Board Room','Untitled-59',NULL,NULL,'0','0','0','2011-09-21 14:04:46','live','active','1'),(60,1,NULL,NULL,0,NULL,0,1,'board-room','Board Room','Untitled-59','','','0','0','0','2011-09-21 14:04:55','draft','active','1'),(61,1,NULL,NULL,NULL,NULL,0,1,'research','Research','Untitled-61',NULL,NULL,'0','0','0','2011-09-21 14:05:05','live','active','1'),(62,1,NULL,NULL,0,NULL,0,1,'research','Research','Untitled-61','','','0','0','0','2011-09-21 14:05:11','draft','active','1'),(63,1,NULL,NULL,NULL,NULL,0,1,'hot/cold','Hot/Cold','Untitled-63',NULL,NULL,'0','0','0','2011-09-21 14:05:17','live','active','1'),(64,1,NULL,NULL,0,NULL,0,1,'hot/cold','Hot/Cold','Untitled-63','','','0','0','0','2011-09-21 14:05:24','draft','active','1'),(65,1,NULL,NULL,NULL,NULL,0,1,'transaction-trends','Transaction Trends','Untitled-65',NULL,NULL,'0','0','0','2011-09-21 14:05:31','live','active','1'),(66,1,NULL,NULL,0,NULL,0,1,'transaction-trends','Transaction Trends','Untitled-65','','','0','0','0','2011-09-21 14:05:48','draft','active','1'),(67,1,NULL,NULL,NULL,NULL,0,1,'roster-changes','Roster Changes','Untitled-67',NULL,NULL,'0','0','0','2011-09-21 14:05:54','live','active','1'),(68,1,NULL,NULL,0,NULL,0,1,'roster-changes','Roster Changes','Untitled-67','','','0','0','0','2011-09-21 14:06:06','draft','active','1'),(69,1,NULL,NULL,NULL,NULL,0,1,'statistics','Statistics','Untitled-69',NULL,NULL,'0','0','0','2011-09-21 14:07:01','live','active','1'),(70,1,NULL,NULL,0,NULL,0,1,'statistics','Statistics','Untitled-69','','','0','0','0','2011-09-21 14:07:13','draft','active','1'),(71,1,NULL,NULL,NULL,NULL,0,1,'team-stats','Team Stats','Untitled-71',NULL,NULL,'0','0','0','2011-09-21 14:08:22','live','active','1'),(72,1,NULL,NULL,0,NULL,0,1,'team-stats','Team Stats','Untitled-71','','','0','0','0','2011-09-21 14:08:34','draft','active','1'),(73,1,NULL,NULL,NULL,NULL,0,1,'record-book','Record Book','Untitled-73',NULL,NULL,'0','0','0','2011-09-21 14:08:41','live','active','1'),(74,1,NULL,NULL,0,NULL,0,1,'record-book','Record Book','Untitled-73','','','0','0','0','2011-09-21 14:08:50','draft','active','1'),(75,1,NULL,NULL,NULL,NULL,0,1,'reports','Reports','Untitled-75',NULL,NULL,'0','0','0','2011-09-21 14:08:55','live','active','1'),(76,1,NULL,NULL,0,NULL,0,1,'reports','Reports','Untitled-75','','','0','0','0','2011-09-21 14:09:04','draft','active','1'),(77,1,NULL,NULL,NULL,NULL,0,1,'draft','Draft','Untitled-77',NULL,NULL,'0','0','0','2011-09-21 14:09:11','live','active','1'),(78,1,NULL,NULL,0,NULL,0,1,'draft','Draft','Untitled-77','','','0','0','0','2011-09-21 14:09:18','draft','active','1'),(79,1,NULL,NULL,NULL,NULL,0,1,'draft-room','Draft Room','Untitled-79',NULL,NULL,'0','0','0','2011-09-21 14:09:25','live','active','1'),(80,1,NULL,NULL,0,NULL,0,1,'draft-room','Draft Room','Untitled-79','','','0','0','0','2011-09-21 14:09:34','draft','active','1'),(81,1,NULL,NULL,NULL,NULL,0,1,'draft-outlook','Draft Outlook','Untitled-81',NULL,NULL,'0','0','0','2011-09-21 14:09:41','live','active','1'),(82,1,NULL,NULL,0,NULL,0,1,'draft-outlook','Draft Outlook','Untitled-81','','','0','0','0','2011-09-21 14:09:51','draft','active','1'),(83,1,NULL,NULL,NULL,NULL,0,1,'mock-drafts','Draft Inbox','Untitled-83',NULL,NULL,'0','0','0','2011-09-21 14:10:26','archive','active','1'),(84,1,NULL,NULL,0,NULL,0,1,'mock-drafts','Mock Drafts','Untitled-83','','','0','0','0','2011-09-21 14:10:34','live','active','1'),(85,1,NULL,NULL,0,NULL,0,1,'mock-drafts','Mock Drafts','Untitled-83','','','0','0','0','2011-09-21 14:10:58','draft','active','1'),(86,1,NULL,NULL,NULL,NULL,0,1,'inbox','Inbox','Untitled-86',NULL,NULL,'0','0','0','2011-09-21 14:11:34','live','active','1'),(87,1,NULL,NULL,0,NULL,0,1,'inbox','Inbox','Untitled-86','','','0','0','0','2011-09-21 14:11:40','draft','active','1'),(88,1,NULL,NULL,NULL,NULL,0,1,'baseball','Baseball','Untitled-88',NULL,NULL,'0','0','0','2011-09-21 14:12:50','live','active','1'),(89,1,NULL,NULL,0,NULL,0,1,'baseball','Baseball','Untitled-88','','','0','0','0','2011-09-21 14:13:00','draft','active','1'),(90,1,NULL,NULL,NULL,NULL,0,1,'create-a-league','Create a League','Untitled-90',NULL,NULL,'0','0','0','2011-09-21 14:13:05','live','active','1'),(91,1,NULL,NULL,0,NULL,0,1,'create-a-league','Create a League','Untitled-90','','','0','0','0','2011-09-21 14:13:21','draft','active','1'),(92,1,NULL,NULL,NULL,NULL,0,1,'join-a-league','Join a League','Untitled-92',NULL,NULL,'0','0','0','2011-09-21 14:23:17','live','active','1'),(93,1,NULL,NULL,0,NULL,0,1,'join-a-league','Join a League','Untitled-92','','','0','0','0','2011-09-21 14:23:30','draft','active','1'),(94,1,NULL,NULL,NULL,NULL,0,1,'mlb','MLB','Untitled-94',NULL,NULL,'0','0','0','2011-09-21 14:23:39','live','active','1'),(95,1,NULL,NULL,0,NULL,0,1,'mlb','MLB','Untitled-94','','','0','0','0','2011-09-21 14:23:46','draft','active','1'),(96,1,NULL,NULL,NULL,NULL,0,1,'mlb-players','Players','Untitled-96',NULL,NULL,'0','0','0','2011-09-21 14:23:52','live','active','1'),(97,1,NULL,NULL,0,NULL,0,1,'mlb-players','Players','Untitled-96','','','0','0','0','2011-09-21 14:23:59','draft','active','1'),(98,1,NULL,NULL,NULL,NULL,0,1,'details','Details','Untitled-98',NULL,NULL,'0','0','0','2011-09-21 14:24:14','live','active','1'),(99,1,NULL,NULL,0,NULL,0,1,'details','Details','Untitled-98','','','0','0','0','2011-09-21 14:24:26','draft','active','1'),(100,1,NULL,NULL,NULL,NULL,0,1,'league-scores-and-schedule','League Scores and Schedule','Untitled-100',NULL,NULL,'0','0','0','2011-09-21 14:24:35','live','active','1'),(101,1,NULL,NULL,0,NULL,0,1,'league-scores-and-schedule','League Scores and Schedule','Untitled-100','','','0','0','0','2011-09-21 14:25:00','draft','active','1'),(102,1,NULL,NULL,NULL,NULL,0,1,'boxscore','Boxscore','Untitled-102',NULL,NULL,'0','0','0','2011-09-21 14:25:11','live','active','1'),(103,1,NULL,NULL,0,NULL,0,1,'boxscore','Boxscore','Untitled-102','','','0','0','0','2011-09-21 14:25:19','draft','active','1'),(104,1,NULL,NULL,NULL,NULL,0,1,'preview','Preview','Untitled-104',NULL,NULL,'0','0','0','2011-09-21 14:25:26','live','active','1'),(105,1,NULL,NULL,0,NULL,0,1,'preview','Preview','Untitled-104','','','0','0','0','2011-09-21 14:25:36','draft','active','1'),(106,1,NULL,NULL,NULL,NULL,0,1,'recap','Recap','Untitled-106',NULL,NULL,'0','0','0','2011-09-21 14:25:42','live','active','1'),(107,1,NULL,NULL,0,NULL,0,1,'recap','Recap','Untitled-106','','','0','0','0','2011-09-21 14:25:48','draft','active','1'),(108,1,NULL,NULL,NULL,NULL,0,1,'standings','Standings','Untitled-108',NULL,NULL,'0','0','0','2011-09-21 14:25:59','draft','active','1'),(109,1,NULL,NULL,NULL,NULL,0,1,'mlb-team-stats','Team Stats','Untitled-109',NULL,NULL,'0','0','0','2011-09-21 14:26:16','live','active','1'),(110,1,NULL,NULL,0,NULL,0,1,'mlb-team-stats','Team Stats','Untitled-109','','','0','0','0','2011-09-21 14:26:32','draft','active','1'),(111,1,NULL,NULL,NULL,NULL,0,1,'team-roster','Team Roster','Untitled-111',NULL,NULL,'0','0','0','2011-09-21 14:26:41','draft','active','1'),(112,1,NULL,NULL,NULL,NULL,0,1,'mlb-transactions','Transactions','Untitled-112',NULL,NULL,'0','0','0','2011-09-21 14:26:57','live','active','1'),(113,1,NULL,NULL,0,NULL,0,1,'mlb-transactions','Transactions','Untitled-112','','','0','0','0','2011-09-21 14:27:11','draft','active','1'),(114,1,NULL,NULL,NULL,NULL,0,1,'news','News','Untitled-114',NULL,NULL,'0','0','0','2011-09-21 14:27:20','live','active','1'),(115,1,NULL,NULL,0,NULL,0,1,'news','News','Untitled-114','','','0','0','0','2011-09-21 14:27:30','draft','active','1'),(116,1,NULL,NULL,NULL,NULL,0,1,'league-details','League Details','Untitled-116',NULL,NULL,'0','0','0','2011-09-21 14:48:36','live','active','1'),(117,1,NULL,NULL,0,NULL,0,1,'league-details','League Details','Untitled-116','','','0','0','0','2011-09-21 14:48:53','draft','active','1'),(118,1,NULL,NULL,NULL,NULL,0,1,'create-a-franchise','Create a Franchise','Untitled-118',NULL,NULL,'0','0','0','2011-09-21 14:49:00','live','active','1'),(119,1,NULL,NULL,0,NULL,0,1,'create-a-franchise','Create a Franchise','Untitled-118','','','0','0','0','2011-09-21 14:49:13','draft','active','1'),(120,1,NULL,NULL,NULL,NULL,0,1,'basketball','Basketball','Untitled-120',NULL,NULL,'0','0','0','2011-09-21 14:49:26','live','active','1'),(121,1,NULL,NULL,0,NULL,0,1,'basketball','Basketball','Untitled-120','','','0','0','0','2011-09-21 14:49:35','draft','active','1'),(122,1,NULL,NULL,NULL,NULL,0,1,'hockey','Hockey','Untitled-122',NULL,NULL,'0','0','0','2011-09-21 14:49:39','live','active','1'),(123,1,NULL,NULL,0,NULL,0,1,'hockey','Hockey','Untitled-122','','','0','0','0','2011-09-21 14:49:43','draft','active','1'),(124,1,NULL,NULL,NULL,NULL,0,1,'marketplace','Marketplace','Untitled-124',NULL,NULL,'0','0','0','2011-09-21 14:50:06','live','active','1'),(125,1,NULL,NULL,0,NULL,0,1,'marketplace','Marketplace','Untitled-124','','','0','0','0','2011-09-21 14:50:13','draft','active','1'),(126,1,NULL,NULL,NULL,NULL,0,1,'store','Store','Untitled-126',NULL,NULL,'0','0','0','2011-09-21 14:50:17','draft','active','1'),(127,1,NULL,NULL,NULL,NULL,0,1,'take-a-tour','Take a Tour','Untitled-127',NULL,NULL,'0','0','0','2011-09-21 14:50:26','live','active','1'),(128,1,NULL,NULL,0,NULL,0,1,'take-a-tour','Take a Tour','Untitled-127','','','0','0','0','2011-09-21 14:50:34','draft','active','1'),(129,1,NULL,NULL,NULL,NULL,0,1,'faq','FAQ','Untitled-129',NULL,NULL,'0','0','0','2011-09-21 14:50:40','live','active','1'),(130,1,NULL,NULL,0,NULL,0,1,'faq','FAQ','Untitled-129','','','0','0','0','2011-09-21 14:50:50','draft','active','1'),(131,1,NULL,NULL,NULL,NULL,0,1,'live-chat','Live Chat','Untitled-131',NULL,NULL,'0','0','0','2011-09-21 14:50:53','live','active','1'),(132,1,NULL,NULL,0,NULL,0,1,'live-chat','Live Chat','Untitled-131','','','0','0','0','2011-09-21 14:50:59','draft','active','1'),(133,1,NULL,NULL,NULL,NULL,0,1,'privacy-policy','Privacy Policy','Untitled-133',NULL,NULL,'0','0','0','2011-09-21 14:51:04','live','active','1'),(134,1,NULL,NULL,0,NULL,0,1,'privacy-policy','Privacy Policy','Untitled-133','','','0','0','0','2011-09-21 15:00:04','draft','active','1'),(135,1,NULL,NULL,NULL,NULL,0,1,'terms-and-conditions','Terms and Conditions','Untitled-135',NULL,NULL,'0','0','0','2011-09-21 15:00:10','live','active','1'),(136,1,NULL,NULL,0,NULL,0,1,'terms-and-conditions','Terms and Conditions','Untitled-135','','','0','0','0','2011-09-21 15:00:22','draft','active','1'),(137,1,NULL,NULL,NULL,NULL,0,1,'support','Support','Untitled-137',NULL,NULL,'0','0','0','2011-09-21 15:00:26','live','active','1'),(138,1,NULL,NULL,0,NULL,0,1,'support','Support','Untitled-137','','','0','0','0','2011-09-21 15:00:33','draft','active','1'),(139,1,NULL,NULL,NULL,NULL,0,1,'contact','Contact','Untitled-139',NULL,NULL,'0','0','0','2011-09-21 15:00:37','live','active','1'),(140,1,NULL,NULL,0,NULL,0,1,'contact','Contact','Untitled-139','','','0','0','0','2011-09-21 15:00:43','draft','active','1'),(141,1,NULL,NULL,NULL,NULL,0,1,'forum','Forum','Untitled-141',NULL,NULL,'0','0','0','2011-09-21 15:00:47','live','active','1'),(142,1,NULL,NULL,0,NULL,0,1,'forum','Forum','Untitled-141','','','0','0','0','2011-09-21 15:00:56','draft','active','1'),(143,1,NULL,NULL,0,NULL,0,2,'home','Home','Untitled-','','','1','0','0','2011-09-21 15:44:42','draft','active','1');
/*!40000 ALTER TABLE `sysPage` ENABLE KEYS */;
UNLOCK TABLES;

--
-- Table structure for table `sysPageContent`
--

DROP TABLE IF EXISTS `sysPageContent`;
/*!40101 SET @saved_cs_client     = @@character_set_client */;
/*!40101 SET character_set_client = utf8 */;
CREATE TABLE `sysPageContent` (
  `itemID` int(11) NOT NULL AUTO_INCREMENT,
  `divBoxStyle` varchar(50) DEFAULT 'blank',
  `adminTitle` varchar(100) DEFAULT NULL,
  `htmlContent` longtext,
  `includeOverride` varchar(255) DEFAULT NULL,
  `isAnApp` enum('0','1') NOT NULL DEFAULT '0',
  `appAdminLink` varchar(255) DEFAULT NULL,
  `appPropertiesAdminLink` varchar(255) NOT NULL,
  `isProtected` enum('0','1') NOT NULL DEFAULT '0',
  `divHideTitle` enum('0','1') NOT NULL DEFAULT '1',
  `sysOpen` enum('0','1') NOT NULL DEFAULT '1',
  PRIMARY KEY (`itemID`)
) ENGINE=InnoDB AUTO_INCREMENT=1797 DEFAULT CHARSET=utf8 COMMENT='Stores Actual Content For The Site';
/*!40101 SET character_set_client = @saved_cs_client */;

--
-- Dumping data for table `sysPageContent`
--

LOCK TABLES `sysPageContent` WRITE;
/*!40000 ALTER TABLE `sysPageContent` DISABLE KEYS */;
INSERT INTO `sysPageContent` VALUES (33,'blank','Newsletter Signup Widget',NULL,'/includes/apps/newsletter/newsletter.php','1',NULL,'','1','1','0'),(101,'blank','Search Engine Results',NULL,'/includes/apps/search/views/results.php','1',NULL,'','1','1','0'),(167,'blank','Winning Banners',NULL,'/modules/banners/bannersWidget.php','1','','','0','1','1'),(179,'blank','News Full Page ',NULL,'/includes/apps/news/views/full_article.php','1',NULL,'','0','1','0'),(180,'blank','News Sidebar',NULL,'/includes/apps/news/views/news_sidebar.php','1',NULL,'','0','1','0'),(181,'blank','News 3 Story Lead-in Widget',NULL,'/includes/apps/news/views/fullWidget.php','1',NULL,'','1','1','0'),(182,'blank','News 3 Story Lead-in Widget',NULL,'/includes/apps/news/views/newsWidget.php','1',NULL,'','0','1','0'),(209,'blank','Home Callouts',NULL,'/includes/apps/callouts/views/homeCallouts.php','1','/admin/apps/callouts/index.php','','0','1','0'),(219,'blank','Photo Widget',NULL,'/includes/apps/photo-gallery/views/galleryHomeWidget.php','1',NULL,'','0','1','0'),(222,'blank','Side Nav Widget',NULL,'/includes/apps/core/views/sideNav.php','1',NULL,'','1','1','0'),(223,'blank','News Article List by Month',NULL,'/includes/apps/news/views/by_month.php','1',NULL,'','0','1','0'),(225,'blank','News Search',NULL,'/includes/apps/news/views/newsSearch.php','1',NULL,'','0','1','0'),(1248,'blank','Web Forms',NULL,'/includes/apps/forms/index.php','1','/admin/apps/FormBuilder/index.php','','0','1','0'),(227,'blank','News Search Results',NULL,'/includes/apps/news/views/newsSearchResults.php','1',NULL,'','0','1','0'),(228,'blank','Twitter',NULL,'/includes/apps/twitter/twitterWidget.php','1',NULL,'','1','1','0'),(241,'blank','News Archive (Paginated)',NULL,'/includes/apps/news/views/newsArchive.php','1',NULL,'','0','1','0'),(313,'blank','News Side Nav',NULL,'/includes/apps/news/views/newsSideNav.php','1','/admin/apps/news/index.php','','1','1','0'),(406,'blank','Tour Schedules (Home)',NULL,'/includes/apps/tour-schedules/index.php','1',NULL,'','1','1','0'),(627,'blank','Tour Listings',NULL,'/includes/apps/tours-manager/views/tour_listings.php','1',NULL,'','0','1','0'),(1320,'blank','RBC, TICO, Social Contest Callouts',NULL,'/includes/apps/callouts/views/callouts.php','1',NULL,'','1','1','0'),(1768,'blank','Sub Navigation',NULL,'/includes/apps/sub-nav/views/subNav.php','1',NULL,'','1','1','0'),(1772,'blank','News and Events Widget',NULL,'/includes/apps/news-events/views/newsEventsWidget.php','1',NULL,'','1','1','0'),(1776,'blank','Events: Quick View Calendar',NULL,'/modules/calendar/calendarWidget.php','1','','','0','1','1'),(1796,'blank','OwnersBox.com','<p><a href=\"../home.php\">Visit development hompage</a></p>','','0','','','0','0','1'),(1777,'blank','News: Widget',NULL,'/includes/apps/news/views/widget.php','1','/admin/apps/news/index.php','','0','1','0'),(1778,'blank','News: Archive',NULL,'/includes/apps/news/views/archive.php','1','/admin/apps/news/index.php','','0','1','0'),(1779,'blank','News: Full Article',NULL,'/includes/apps/news/views/full-article.php','1','/admin/apps/news/index.php','','0','1','0'),(1790,'blank','Events: List',NULL,'/includes/apps/calendar/views/listWidget.php','1','/admin/apps/calendar/index.php','','0','1','0'),(1793,'blank','Site Map',NULL,'/modules/core/views/site-map.php','1','','','0','1','1'),(1794,'blank','OwnersBox.com','<p><a href=\"../home.php\">Visit development hompage</a></p>',NULL,'0',NULL,'','0','0','1'),(1795,'blank','OwnersBox.com','<p><a href=\"../home.php\">Visit development hompage</a></p>','','0','','','0','0','1');
/*!40000 ALTER TABLE `sysPageContent` ENABLE KEYS */;
UNLOCK TABLES;

--
-- Table structure for table `sysPageDataLink`
--

DROP TABLE IF EXISTS `sysPageDataLink`;
/*!40101 SET @saved_cs_client     = @@character_set_client */;
/*!40101 SET character_set_client = utf8 */;
CREATE TABLE `sysPageDataLink` (
  `itemID` int(11) NOT NULL AUTO_INCREMENT,
  `pageSystemName` varchar(50) DEFAULT NULL,
  `appID` varchar(100) DEFAULT NULL,
  `appItemID` varchar(100) DEFAULT NULL,
  `sysDateCreated` datetime NOT NULL,
  `sysStatus` enum('active','inactive') DEFAULT 'active',
  `sysOpen` enum('0','1') NOT NULL DEFAULT '1',
  PRIMARY KEY (`itemID`),
  KEY `pageSystemName` (`pageSystemName`,`appID`,`appItemID`)
) ENGINE=InnoDB DEFAULT CHARSET=utf8 COMMENT='Holds a link between pages and app data';
/*!40101 SET character_set_client = @saved_cs_client */;

--
-- Dumping data for table `sysPageDataLink`
--

LOCK TABLES `sysPageDataLink` WRITE;
/*!40000 ALTER TABLE `sysPageDataLink` DISABLE KEYS */;
/*!40000 ALTER TABLE `sysPageDataLink` ENABLE KEYS */;
UNLOCK TABLES;

--
-- Table structure for table `sysPageTemplate`
--

DROP TABLE IF EXISTS `sysPageTemplate`;
/*!40101 SET @saved_cs_client     = @@character_set_client */;
/*!40101 SET character_set_client = utf8 */;
CREATE TABLE `sysPageTemplate` (
  `itemID` int(11) NOT NULL AUTO_INCREMENT,
  `instanceID` int(11) DEFAULT '1',
  `templateName` varchar(50) NOT NULL DEFAULT '',
  `templateDescription` varchar(255) DEFAULT NULL,
  `pathToIcon` varchar(255) DEFAULT NULL,
  `pathToTemplate` varchar(255) DEFAULT NULL,
  `isErrorTemplate` enum('0','1') NOT NULL DEFAULT '0',
  `isTextOnly` enum('0','1') NOT NULL DEFAULT '0',
  `grouping` int(11) DEFAULT NULL,
  `myOrder` int(11) DEFAULT NULL,
  `sysOpen` enum('0','1') NOT NULL DEFAULT '1',
  PRIMARY KEY (`itemID`)
) ENGINE=InnoDB AUTO_INCREMENT=37 DEFAULT CHARSET=utf8 COMMENT='Stores Templates';
/*!40101 SET character_set_client = @saved_cs_client */;

--
-- Dumping data for table `sysPageTemplate`
--

LOCK TABLES `sysPageTemplate` WRITE;
/*!40000 ALTER TABLE `sysPageTemplate` DISABLE KEYS */;
INSERT INTO `sysPageTemplate` VALUES (1,1,'Standard (2 Columns)','Standard page layout, 2 columns','/img/templates/standard.png','/themes/OwnersBox/two-column.php','1','1',NULL,NULL,'1'),(2,1,'Full Column (1 Column)','Full column layout, 1 column.','/img/templates/full.png','/themes/OwnersBox/one-column.php','0','0',NULL,2,'1');
/*!40000 ALTER TABLE `sysPageTemplate` ENABLE KEYS */;
UNLOCK TABLES;

--
-- Table structure for table `sysPageTemplateRegion`
--

DROP TABLE IF EXISTS `sysPageTemplateRegion`;
/*!40101 SET @saved_cs_client     = @@character_set_client */;
/*!40101 SET character_set_client = utf8 */;
CREATE TABLE `sysPageTemplateRegion` (
  `itemID` int(11) NOT NULL AUTO_INCREMENT,
  `templateID` int(11) NOT NULL DEFAULT '0',
  `regionName` varchar(40) NOT NULL DEFAULT '',
  `regionDisplayName` varchar(40) DEFAULT NULL,
  `adminDisplayWidth` int(11) DEFAULT NULL,
  `isDefault` enum('1','0') NOT NULL DEFAULT '0',
  `myOrder` int(11) NOT NULL DEFAULT '0',
  `sysOpen` enum('0','1') NOT NULL DEFAULT '1',
  PRIMARY KEY (`itemID`),
  KEY `TemplateFK` (`templateID`)
) ENGINE=InnoDB AUTO_INCREMENT=90 DEFAULT CHARSET=utf8 COMMENT='Stores Regions (Columns) For Templates';
/*!40101 SET character_set_client = @saved_cs_client */;

--
-- Dumping data for table `sysPageTemplateRegion`
--

LOCK TABLES `sysPageTemplateRegion` WRITE;
/*!40000 ALTER TABLE `sysPageTemplateRegion` DISABLE KEYS */;
INSERT INTO `sysPageTemplateRegion` VALUES (1,1,'standardColA','Column A (Primary)',75,'1',1,'1'),(2,1,'standardColB','Column B',24,'0',2,'1'),(4,2,'fullColA','Column A (Primary)',100,'1',1,'1');
/*!40000 ALTER TABLE `sysPageTemplateRegion` ENABLE KEYS */;
UNLOCK TABLES;

--
-- Table structure for table `sysPageTemplateRegionContent`
--

DROP TABLE IF EXISTS `sysPageTemplateRegionContent`;
/*!40101 SET @saved_cs_client     = @@character_set_client */;
/*!40101 SET character_set_client = utf8 */;
CREATE TABLE `sysPageTemplateRegionContent` (
  `itemID` int(11) NOT NULL AUTO_INCREMENT,
  `contentID` int(11) NOT NULL DEFAULT '0',
  `pageID` int(11) NOT NULL DEFAULT '0',
  `regionID` int(11) NOT NULL DEFAULT '0',
  `myOrder` int(11) NOT NULL DEFAULT '0',
  `sysOpen` enum('0','1') NOT NULL DEFAULT '1',
  PRIMARY KEY (`itemID`),
  KEY `PageRegion` (`pageID`,`regionID`),
  KEY `Content` (`contentID`)
) ENGINE=InnoDB AUTO_INCREMENT=7 DEFAULT CHARSET=utf8 COMMENT='Links Content To Pages';
/*!40101 SET character_set_client = @saved_cs_client */;

--
-- Dumping data for table `sysPageTemplateRegionContent`
--

LOCK TABLES `sysPageTemplateRegionContent` WRITE;
/*!40000 ALTER TABLE `sysPageTemplateRegionContent` DISABLE KEYS */;
INSERT INTO `sysPageTemplateRegionContent` VALUES (2,1794,2,4,0,'1'),(3,1795,4,4,0,'1'),(4,1793,4,4,1,'1'),(5,1796,143,4,0,'1'),(6,1793,143,4,1,'1');
/*!40000 ALTER TABLE `sysPageTemplateRegionContent` ENABLE KEYS */;
UNLOCK TABLES;

--
-- Table structure for table `sysPrivilegeGroups`
--

DROP TABLE IF EXISTS `sysPrivilegeGroups`;
/*!40101 SET @saved_cs_client     = @@character_set_client */;
/*!40101 SET character_set_client = utf8 */;
CREATE TABLE `sysPrivilegeGroups` (
  `itemID` int(11) NOT NULL AUTO_INCREMENT,
  `systemName` varchar(75) NOT NULL DEFAULT '',
  `label` varchar(150) NOT NULL DEFAULT '',
  `pageDescription` varchar(255) NOT NULL DEFAULT '',
  `sysStatus` enum('active','inactive') NOT NULL DEFAULT 'active',
  `sysOpen` enum('0','1') NOT NULL DEFAULT '1',
  PRIMARY KEY (`itemID`),
  UNIQUE KEY `systemName` (`systemName`)
) ENGINE=InnoDB AUTO_INCREMENT=5 DEFAULT CHARSET=utf8 COMMENT='Holds groupin info for display.  You must edit DB Direc';
/*!40101 SET character_set_client = @saved_cs_client */;

--
-- Dumping data for table `sysPrivilegeGroups`
--

LOCK TABLES `sysPrivilegeGroups` WRITE;
/*!40000 ALTER TABLE `sysPrivilegeGroups` DISABLE KEYS */;
INSERT INTO `sysPrivilegeGroups` VALUES (1,'sysprivs','System privileges','These privileges cover system wide actions.','active','1'),(2,'protectprivs','Protected Area Privileges','Covers all things in the protected area tools included.','active','1'),(3,'appprivs','Application Privileges','Cover public application administration functions','active','1'),(4,'pageprivs','Page Privileges','covers protected page access.','active','1');
/*!40000 ALTER TABLE `sysPrivilegeGroups` ENABLE KEYS */;
UNLOCK TABLES;

--
-- Table structure for table `sysPrivileges`
--

DROP TABLE IF EXISTS `sysPrivileges`;
/*!40101 SET @saved_cs_client     = @@character_set_client */;
/*!40101 SET character_set_client = utf8 */;
CREATE TABLE `sysPrivileges` (
  `itemID` int(11) NOT NULL AUTO_INCREMENT,
  `groupID` int(11) NOT NULL DEFAULT '0' COMMENT '''Display Group ID'' NOT ''User Group ID'' See sysUGPLinks for Group-Priv links.',
  `systemName` varchar(75) NOT NULL DEFAULT '',
  `label` varchar(150) NOT NULL DEFAULT '',
  `pageDescription` varchar(255) NOT NULL DEFAULT '',
  `myOrder` int(11) NOT NULL DEFAULT '0',
  `sysStatus` enum('active','inactive') NOT NULL DEFAULT 'active',
  `sysOpen` enum('0','1') NOT NULL DEFAULT '1',
  PRIMARY KEY (`itemID`),
  UNIQUE KEY `systemName` (`systemName`)
) ENGINE=InnoDB AUTO_INCREMENT=161 DEFAULT CHARSET=utf8 COMMENT='Holds a list of Developer Set Privs.  You must edit DB Direc';
/*!40101 SET character_set_client = @saved_cs_client */;

--
-- Dumping data for table `sysPrivileges`
--

LOCK TABLES `sysPrivileges` WRITE;
/*!40000 ALTER TABLE `sysPrivileges` DISABLE KEYS */;
INSERT INTO `sysPrivileges` VALUES (1,1,'root','Can access administration area','This is a default priv that will allow groups to get into the admin',1,'active','1'),(2,1,'modifypages','Can create/modify/delete pages','This is a default priv that will allow groups to create/modify/delete pages and navigation tree',2,'active','1'),(3,1,'modifygroups','Can create/modify/delete user groups','This is a default priv that will allow groups to create/modify/delete user groups',3,'active','1'),(4,1,'modifyusers','Can create/modify/delete users','This is a default priv that will allow groups to create/modify/delete users',4,'active','1'),(24,1,'approveusers','Can approve/deny users','',5,'active','1'),(25,1,'modifynav','Can create/modify/delete navigation items','',6,'active','1'),(26,1,'approvepage','Can approve/preview new version of content','',7,'active','1'),(27,1,'systemlog','Can view the system log','',8,'active','1'),(28,2,'modifynotifications','Can Modify Notification Manager','',0,'active','1');
/*!40000 ALTER TABLE `sysPrivileges` ENABLE KEYS */;
UNLOCK TABLES;

--
-- Table structure for table `sysProvince`
--

DROP TABLE IF EXISTS `sysProvince`;
/*!40101 SET @saved_cs_client     = @@character_set_client */;
/*!40101 SET character_set_client = utf8 */;
CREATE TABLE `sysProvince` (
  `itemID` int(11) NOT NULL AUTO_INCREMENT,
  `countryID` int(11) NOT NULL,
  `isoCode` varchar(10) NOT NULL,
  `fipsCode` varchar(10) NOT NULL,
  `provName` varchar(255) NOT NULL,
  `sysStatus` enum('active','inactive') NOT NULL DEFAULT 'active',
  `sysOpen` enum('0','1') NOT NULL DEFAULT '1',
  PRIMARY KEY (`itemID`)
) ENGINE=InnoDB AUTO_INCREMENT=4201 DEFAULT CHARSET=utf8 COMMENT='Contains Global States/Provinces';
/*!40101 SET character_set_client = @saved_cs_client */;

--
-- Dumping data for table `sysProvince`
--

LOCK TABLES `sysProvince` WRITE;
/*!40000 ALTER TABLE `sysProvince` DISABLE KEYS */;
INSERT INTO `sysProvince` VALUES (67,5,'AD','02','Canillo','active','1'),(68,5,'AD','03','Encamp','active','1'),(70,5,'AD','04','La Massana','active','1'),(71,5,'AD','05','Ordino','active','1'),(72,5,'AD','06','Sant Julia de Loria','active','1'),(66,5,'AD','07','Andorra la Vella','active','1'),(69,5,'AD','08','Escaldes-Engordany','active','1'),(73,211,'AE','01','Abu Dhabi','active','1'),(74,211,'AE','02','Ajman','active','1'),(75,211,'AE','03','Dubai','active','1'),(76,211,'AE','04','Fujairah','active','1'),(77,211,'AE','05','Ras Al Khaimah','active','1'),(78,211,'AE','06','Sharjah','active','1'),(79,211,'AE','07','Umm Al Quwain','active','1'),(80,1,'AF','01','Badakhshan','active','1'),(81,1,'AF','02','Badghis','active','1'),(82,1,'AF','03','Baghlan','active','1'),(84,1,'AF','05','Bamian','active','1'),(86,1,'AF','06','Farah','active','1'),(87,1,'AF','07','Faryab','active','1'),(88,1,'AF','08','Ghazni','active','1'),(89,1,'AF','09','Ghowr','active','1'),(90,1,'AF','10','Helmand','active','1'),(91,1,'AF','11','Herat','active','1'),(93,1,'AF','13','Kabol','active','1'),(95,1,'AF','14','Kapisa','active','1'),(97,1,'AF','15','Konar','active','1'),(101,1,'AF','16','Laghman','active','1'),(102,1,'AF','17','Lowgar','active','1'),(103,1,'AF','18','Nangarhar','active','1'),(104,1,'AF','19','Nimruz','active','1'),(108,1,'AF','21','Paktia','active','1'),(112,1,'AF','22','Parvan','active','1'),(94,1,'AF','23','Kandahar','active','1'),(99,1,'AF','24','Kondoz','active','1'),(115,1,'AF','26','Takhar','active','1'),(116,1,'AF','27','Vardak','active','1'),(117,1,'AF','28','Zabol','active','1'),(109,1,'AF','29','Paktika','active','1'),(83,1,'AF','30','Balkh','active','1'),(92,1,'AF','31','Jowzjan','active','1'),(113,1,'AF','32','Samangan','active','1'),(114,1,'AF','33','Sar-e Pol','active','1'),(98,1,'AF','34','Konar','active','1'),(100,1,'AF','35','Laghman','active','1'),(107,1,'AF','36','Paktia','active','1'),(96,1,'AF','37','Khowst','active','1'),(105,1,'AF','38','Nurestan','active','1'),(106,1,'AF','39','Oruzgan','active','1'),(111,1,'AF','40','Parvan','active','1'),(85,1,'AF','41','Daykondi','active','1'),(110,1,'AF','42','Panjshir','active','1'),(118,9,'AG','01','Barbuda','active','1'),(119,9,'AG','03','Saint George','active','1'),(120,9,'AG','04','Saint John','active','1'),(121,9,'AG','05','Saint Mary','active','1'),(122,9,'AG','06','Saint Paul','active','1'),(123,9,'AG','07','Saint Peter','active','1'),(124,9,'AG','08','Saint Philip','active','1'),(125,2,'AL','40','Berat','active','1'),(126,2,'AL','41','Diber','active','1'),(127,2,'AL','42','Durres','active','1'),(128,2,'AL','43','Elbasan','active','1'),(129,2,'AL','44','Fier','active','1'),(130,2,'AL','45','Gjirokaster','active','1'),(131,2,'AL','46','Korce','active','1'),(132,2,'AL','47','Kukes','active','1'),(133,2,'AL','48','Lezhe','active','1'),(134,2,'AL','49','Shkoder','active','1'),(135,2,'AL','50','Tirane','active','1'),(136,2,'AL','51','Vlore','active','1'),(137,11,'AM','01','Aragatsotn','active','1'),(138,11,'AM','02','Ararat','active','1'),(139,11,'AM','03','Armavir','active','1'),(140,11,'AM','04','Geghark\'unik\'','active','1'),(141,11,'AM','05','Kotayk\'','active','1'),(142,11,'AM','06','Lorri','active','1'),(143,11,'AM','07','Shirak','active','1'),(144,11,'AM','08','Syunik\'','active','1'),(145,11,'AM','09','Tavush','active','1'),(146,11,'AM','10','Vayots\' Dzor','active','1'),(147,11,'AM','11','Yerevan','active','1'),(149,6,'AO','01','Benguela','active','1'),(150,6,'AO','02','Bie','active','1'),(151,6,'AO','03','Cabinda','active','1'),(152,6,'AO','04','Cuando Cubango','active','1'),(153,6,'AO','05','Cuanza Norte','active','1'),(154,6,'AO','06','Cuanza Sul','active','1'),(155,6,'AO','07','Cunene','active','1'),(156,6,'AO','08','Huambo','active','1'),(157,6,'AO','09','Huila','active','1'),(159,6,'AO','10','Luanda','active','1'),(162,6,'AO','12','Malanje','active','1'),(163,6,'AO','14','Moxico','active','1'),(164,6,'AO','15','Uige','active','1'),(165,6,'AO','16','Zaire','active','1'),(160,6,'AO','17','Lunda Norte','active','1'),(161,6,'AO','18','Lunda Sul','active','1'),(148,6,'AO','19','Bengo','active','1'),(158,6,'AO','20','Luanda','active','1'),(166,10,'AR','01','Buenos Aires','active','1'),(167,10,'AR','02','Catamarca','active','1'),(168,10,'AR','03','Chaco','active','1'),(169,10,'AR','04','Chubut','active','1'),(170,10,'AR','05','Cordoba','active','1'),(171,10,'AR','06','Corrientes','active','1'),(172,10,'AR','07','Distrito Federal','active','1'),(173,10,'AR','08','Entre Rios','active','1'),(174,10,'AR','09','Formosa','active','1'),(175,10,'AR','10','Jujuy','active','1'),(176,10,'AR','11','La Pampa','active','1'),(177,10,'AR','12','La Rioja','active','1'),(178,10,'AR','13','Mendoza','active','1'),(179,10,'AR','14','Misiones','active','1'),(180,10,'AR','15','Neuquen','active','1'),(181,10,'AR','16','Rio Negro','active','1'),(182,10,'AR','17','Salta','active','1'),(183,10,'AR','18','San Juan','active','1'),(184,10,'AR','19','San Luis','active','1'),(185,10,'AR','20','Santa Cruz','active','1'),(186,10,'AR','21','Santa Fe','active','1'),(187,10,'AR','22','Santiago del Estero','active','1'),(188,10,'AR','23','Tierra del Fuego','active','1'),(189,10,'AR','24','Tucuman','active','1'),(190,14,'AT','01','Burgenland','active','1'),(191,14,'AT','02','Karnten','active','1'),(192,14,'AT','03','Niederosterreich','active','1'),(193,14,'AT','04','Oberosterreich','active','1'),(194,14,'AT','05','Salzburg','active','1'),(195,14,'AT','06','Steiermark','active','1'),(196,14,'AT','07','Tirol','active','1'),(197,14,'AT','08','Vorarlberg','active','1'),(198,14,'AT','09','Wien','active','1'),(199,13,'AU','01','Australian Capital Territory','active','1'),(200,13,'AU','02','New South Wales','active','1'),(201,13,'AU','03','Northern Territory','active','1'),(202,13,'AU','04','Queensland','active','1'),(203,13,'AU','05','South Australia','active','1'),(204,13,'AU','06','Tasmania','active','1'),(205,13,'AU','07','Victoria','active','1'),(206,13,'AU','08','Western Australia','active','1'),(207,15,'AZ','01','Abseron','active','1'),(208,15,'AZ','02','Agcabadi','active','1'),(209,15,'AZ','03','Agdam','active','1'),(210,15,'AZ','04','Agdas','active','1'),(211,15,'AZ','05','Agstafa','active','1'),(212,15,'AZ','06','Agsu','active','1'),(213,15,'AZ','07','Ali Bayramli','active','1'),(214,15,'AZ','08','Astara','active','1'),(215,15,'AZ','09','Baki','active','1'),(216,15,'AZ','10','Balakan','active','1'),(217,15,'AZ','11','Barda','active','1'),(218,15,'AZ','12','Beylaqan','active','1'),(219,15,'AZ','13','Bilasuvar','active','1'),(220,15,'AZ','14','Cabrayil','active','1'),(221,15,'AZ','15','Calilabad','active','1'),(222,15,'AZ','16','Daskasan','active','1'),(223,15,'AZ','17','Davaci','active','1'),(224,15,'AZ','18','Fuzuli','active','1'),(225,15,'AZ','19','Gadabay','active','1'),(226,15,'AZ','20','Ganca','active','1'),(227,15,'AZ','21','Goranboy','active','1'),(228,15,'AZ','22','Goycay','active','1'),(229,15,'AZ','23','Haciqabul','active','1'),(230,15,'AZ','24','Imisli','active','1'),(231,15,'AZ','25','Ismayilli','active','1'),(232,15,'AZ','26','Kalbacar','active','1'),(233,15,'AZ','27','Kurdamir','active','1'),(234,15,'AZ','28','Lacin','active','1'),(235,15,'AZ','29','Lankaran','active','1'),(236,15,'AZ','30','Lankaran','active','1'),(237,15,'AZ','31','Lerik','active','1'),(238,15,'AZ','32','Masalli','active','1'),(239,15,'AZ','33','Mingacevir','active','1'),(240,15,'AZ','34','Naftalan','active','1'),(241,15,'AZ','35','Naxcivan','active','1'),(242,15,'AZ','36','Neftcala','active','1'),(243,15,'AZ','37','Oguz','active','1'),(244,15,'AZ','38','Qabala','active','1'),(245,15,'AZ','39','Qax','active','1'),(246,15,'AZ','40','Qazax','active','1'),(247,15,'AZ','41','Qobustan','active','1'),(248,15,'AZ','42','Quba','active','1'),(249,15,'AZ','43','Qubadli','active','1'),(250,15,'AZ','44','Qusar','active','1'),(251,15,'AZ','45','Saatli','active','1'),(252,15,'AZ','46','Sabirabad','active','1'),(253,15,'AZ','47','Saki','active','1'),(254,15,'AZ','48','Saki','active','1'),(255,15,'AZ','49','Salyan','active','1'),(256,15,'AZ','50','Samaxi','active','1'),(257,15,'AZ','51','Samkir','active','1'),(258,15,'AZ','52','Samux','active','1'),(259,15,'AZ','53','Siyazan','active','1'),(260,15,'AZ','54','Sumqayit','active','1'),(261,15,'AZ','55','Susa','active','1'),(262,15,'AZ','56','Susa','active','1'),(263,15,'AZ','57','Tartar','active','1'),(264,15,'AZ','58','Tovuz','active','1'),(265,15,'AZ','59','Ucar','active','1'),(266,15,'AZ','60','Xacmaz','active','1'),(267,15,'AZ','61','Xankandi','active','1'),(268,15,'AZ','62','Xanlar','active','1'),(269,15,'AZ','63','Xizi','active','1'),(270,15,'AZ','64','Xocali','active','1'),(271,15,'AZ','65','Xocavand','active','1'),(272,15,'AZ','66','Yardimli','active','1'),(274,15,'AZ','67','Yevlax','active','1'),(273,15,'AZ','68','Yevlax','active','1'),(275,15,'AZ','69','Zangilan','active','1'),(276,15,'AZ','70','Zaqatala','active','1'),(277,15,'AZ','71','Zardab','active','1'),(278,27,'BA','01','Federation of Bosnia and Herzegovina','active','1'),(279,27,'BA','02','Republika Srpska','active','1'),(280,19,'BB','01','Christ Church','active','1'),(281,19,'BB','02','Saint Andrew','active','1'),(282,19,'BB','03','Saint George','active','1'),(283,19,'BB','04','Saint James','active','1'),(284,19,'BB','05','Saint John','active','1'),(285,19,'BB','06','Saint Joseph','active','1'),(286,19,'BB','07','Saint Lucy','active','1'),(287,19,'BB','08','Saint Michael','active','1'),(288,19,'BB','09','Saint Peter','active','1'),(289,19,'BB','10','Saint Philip','active','1'),(290,19,'BB','11','Saint Thomas','active','1'),(295,18,'BD','01','Barisal','active','1'),(292,18,'BD','04','Bandarban','active','1'),(304,18,'BD','05','Comilla','active','1'),(334,18,'BD','12','Mymensingh','active','1'),(342,18,'BD','13','Noakhali','active','1'),(346,18,'BD','15','Patuakhali','active','1'),(291,18,'BD','22','Bagerhat','active','1'),(296,18,'BD','23','Bhola','active','1'),(297,18,'BD','24','Bogra','active','1'),(293,18,'BD','25','Barguna','active','1'),(298,18,'BD','26','Brahmanbaria','active','1'),(299,18,'BD','27','Chandpur','active','1'),(300,18,'BD','28','Chapai Nawabganj','active','1'),(301,18,'BD','29','Chattagram','active','1'),(303,18,'BD','30','Chuadanga','active','1'),(305,18,'BD','31','Cox\'s Bazar','active','1'),(307,18,'BD','32','Dhaka','active','1'),(308,18,'BD','33','Dinajpur','active','1'),(309,18,'BD','34','Faridpur','active','1'),(310,18,'BD','35','Feni','active','1'),(311,18,'BD','36','Gaibandha','active','1'),(312,18,'BD','37','Gazipur','active','1'),(313,18,'BD','38','Gopalganj','active','1'),(314,18,'BD','39','Habiganj','active','1'),(315,18,'BD','40','Jaipurhat','active','1'),(316,18,'BD','41','Jamalpur','active','1'),(317,18,'BD','42','Jessore','active','1'),(318,18,'BD','43','Jhalakati','active','1'),(319,18,'BD','44','Jhenaidah','active','1'),(320,18,'BD','45','Khagrachari','active','1'),(322,18,'BD','46','Khulna','active','1'),(323,18,'BD','47','Kishorganj','active','1'),(324,18,'BD','48','Kurigram','active','1'),(325,18,'BD','49','Kushtia','active','1'),(326,18,'BD','50','Laksmipur','active','1'),(327,18,'BD','51','Lalmonirhat','active','1'),(328,18,'BD','52','Madaripur','active','1'),(329,18,'BD','53','Magura','active','1'),(330,18,'BD','54','Manikganj','active','1'),(331,18,'BD','55','Meherpur','active','1'),(332,18,'BD','56','Moulavibazar','active','1'),(333,18,'BD','57','Munshiganj','active','1'),(335,18,'BD','58','Naogaon','active','1'),(336,18,'BD','59','Narail','active','1'),(337,18,'BD','60','Narayanganj','active','1'),(338,18,'BD','61','Narsingdi','active','1'),(339,18,'BD','62','Nator','active','1'),(340,18,'BD','63','Netrakona','active','1'),(341,18,'BD','64','Nilphamari','active','1'),(343,18,'BD','65','Pabna','active','1'),(344,18,'BD','66','Panchagar','active','1'),(345,18,'BD','67','Parbattya Chattagram','active','1'),(347,18,'BD','68','Pirojpur','active','1'),(348,18,'BD','69','Rajbari','active','1'),(350,18,'BD','70','Rajshahi','active','1'),(351,18,'BD','71','Rangpur','active','1'),(352,18,'BD','72','Satkhira','active','1'),(353,18,'BD','73','Shariyatpur','active','1'),(354,18,'BD','74','Sherpur','active','1'),(355,18,'BD','75','Sirajganj','active','1'),(356,18,'BD','76','Sunamganj','active','1'),(357,18,'BD','77','Sylhet','active','1'),(359,18,'BD','78','Tangail','active','1'),(360,18,'BD','79','Thakurgaon','active','1'),(306,18,'BD','81','Dhaka','active','1'),(321,18,'BD','82','Khulna','active','1'),(349,18,'BD','83','Rajshahi','active','1'),(302,18,'BD','84','Chittagong','active','1'),(294,18,'BD','85','Barisal','active','1'),(358,18,'BD','86','Sylhet','active','1'),(361,21,'BE','01','Antwerpen','active','1'),(362,21,'BE','02','Brabant','active','1'),(365,21,'BE','03','Hainaut','active','1'),(366,21,'BE','04','Liege','active','1'),(367,21,'BE','05','Limburg','active','1'),(368,21,'BE','06','Luxembourg','active','1'),(369,21,'BE','07','Namur','active','1'),(370,21,'BE','08','Oost-Vlaanderen','active','1'),(372,21,'BE','09','West-Vlaanderen','active','1'),(363,21,'BE','10','Brabant Wallon','active','1'),(364,21,'BE','11','Brussels Hoofdstedelijk Gewest','active','1'),(371,21,'BE','12','Vlaams-Brabant','active','1'),(374,33,'BF','15','Bam','active','1'),(379,33,'BF','19','Boulkiemde','active','1'),(380,33,'BF','20','Ganzourgou','active','1'),(381,33,'BF','21','Gnagna','active','1'),(392,33,'BF','28','Kouritenga','active','1'),(402,33,'BF','33','Oudalan','active','1'),(403,33,'BF','34','Passore','active','1'),(405,33,'BF','36','Sanguie','active','1'),(409,33,'BF','40','Soum','active','1'),(411,33,'BF','42','Tapoa','active','1'),(417,33,'BF','44','Zoundweogo','active','1'),(373,33,'BF','45','Bale','active','1'),(375,33,'BF','46','Banwa','active','1'),(376,33,'BF','47','Bazega','active','1'),(377,33,'BF','48','Bougouriba','active','1'),(378,33,'BF','49','Boulgou','active','1'),(382,33,'BF','50','Gourma','active','1'),(383,33,'BF','51','Houet','active','1'),(384,33,'BF','52','Ioba','active','1'),(385,33,'BF','53','Kadiogo','active','1'),(386,33,'BF','54','Kenedougou','active','1'),(387,33,'BF','55','Komoe','active','1'),(388,33,'BF','56','Komondjari','active','1'),(389,33,'BF','57','Kompienga','active','1'),(390,33,'BF','58','Kossi','active','1'),(391,33,'BF','59','Koulpelogo','active','1'),(393,33,'BF','60','Kourweogo','active','1'),(394,33,'BF','61','Leraba','active','1'),(395,33,'BF','62','Loroum','active','1'),(396,33,'BF','63','Mouhoun','active','1'),(397,33,'BF','64','Namentenga','active','1'),(398,33,'BF','65','Naouri','active','1'),(399,33,'BF','66','Nayala','active','1'),(400,33,'BF','67','Noumbiel','active','1'),(401,33,'BF','68','Oubritenga','active','1'),(404,33,'BF','69','Poni','active','1'),(406,33,'BF','70','Sanmatenga','active','1'),(407,33,'BF','71','Seno','active','1'),(408,33,'BF','72','Sissili','active','1'),(410,33,'BF','73','Sourou','active','1'),(412,33,'BF','74','Tuy','active','1'),(413,33,'BF','75','Yagha','active','1'),(414,33,'BF','76','Yatenga','active','1'),(415,33,'BF','77','Ziro','active','1'),(416,33,'BF','78','Zondoma','active','1'),(427,32,'BG','33','Mikhaylovgrad','active','1'),(418,32,'BG','38','Blagoevgrad','active','1'),(419,32,'BG','39','Burgas','active','1'),(420,32,'BG','40','Dobrich','active','1'),(421,32,'BG','41','Gabrovo','active','1'),(422,32,'BG','42','Grad Sofiya','active','1'),(423,32,'BG','43','Khaskovo','active','1'),(424,32,'BG','44','Kurdzhali','active','1'),(425,32,'BG','45','Kyustendil','active','1'),(426,32,'BG','46','Lovech','active','1'),(428,32,'BG','47','Montana','active','1'),(429,32,'BG','48','Pazardzhik','active','1'),(430,32,'BG','49','Pernik','active','1'),(431,32,'BG','50','Pleven','active','1'),(432,32,'BG','51','Plovdiv','active','1'),(433,32,'BG','52','Razgrad','active','1'),(434,32,'BG','53','Ruse','active','1'),(435,32,'BG','54','Shumen','active','1'),(436,32,'BG','55','Silistra','active','1'),(437,32,'BG','56','Sliven','active','1'),(438,32,'BG','57','Smolyan','active','1'),(439,32,'BG','58','Sofiya','active','1'),(440,32,'BG','59','Stara Zagora','active','1'),(441,32,'BG','60','Turgovishte','active','1'),(442,32,'BG','61','Varna','active','1'),(443,32,'BG','62','Veliko Turnovo','active','1'),(444,32,'BG','63','Vidin','active','1'),(445,32,'BG','64','Vratsa','active','1'),(446,32,'BG','65','Yambol','active','1'),(448,17,'BH','01','Al Hadd','active','1'),(450,17,'BH','02','Al Manamah','active','1'),(454,17,'BH','03','Al Muharraq','active','1'),(459,17,'BH','05','Jidd Hafs','active','1'),(463,17,'BH','06','Sitrah','active','1'),(451,17,'BH','08','Al Mintaqah al Gharbiyah','active','1'),(462,17,'BH','09','Mintaqat Juzur Hawar','active','1'),(453,17,'BH','10','Al Mintaqah ash Shamaliyah','active','1'),(452,17,'BH','11','Al Mintaqah al Wusta','active','1'),(460,17,'BH','12','Madinat','active','1'),(457,17,'BH','13','Ar Rifa','active','1'),(461,17,'BH','14','Madinat Hamad','active','1'),(455,17,'BH','15','Al Muharraq','active','1'),(447,17,'BH','16','Al Asimah','active','1'),(449,17,'BH','17','Al Janubiyah','active','1'),(458,17,'BH','18','Ash Shamaliyah','active','1'),(456,17,'BH','19','Al Wusta','active','1'),(465,35,'BI','02','Bujumbura','active','1'),(464,35,'BI','09','Bubanza','active','1'),(466,35,'BI','10','Bururi','active','1'),(467,35,'BI','11','Cankuzo','active','1'),(468,35,'BI','12','Cibitoke','active','1'),(469,35,'BI','13','Gitega','active','1'),(470,35,'BI','14','Karuzi','active','1'),(471,35,'BI','15','Kayanza','active','1'),(472,35,'BI','16','Kirundo','active','1'),(473,35,'BI','17','Makamba','active','1'),(475,35,'BI','18','Muyinga','active','1'),(477,35,'BI','19','Ngozi','active','1'),(478,35,'BI','20','Rutana','active','1'),(479,35,'BI','21','Ruyigi','active','1'),(474,35,'BI','22','Muramvya','active','1'),(476,35,'BI','23','Mwaro','active','1'),(480,23,'BJ','01','Atakora','active','1'),(481,23,'BJ','02','Atlantique','active','1'),(482,23,'BJ','03','Borgou','active','1'),(484,23,'BJ','04','Mono','active','1'),(485,23,'BJ','05','Oueme','active','1'),(486,23,'BJ','06','Zou','active','1'),(483,23,'BJ','14','Littoral','active','1'),(487,24,'BM','01','Devonshire','active','1'),(489,24,'BM','02','Hamilton','active','1'),(488,24,'BM','03','Hamilton','active','1'),(490,24,'BM','04','Paget','active','1'),(491,24,'BM','05','Pembroke','active','1'),(492,24,'BM','06','Saint George','active','1'),(493,24,'BM','07','Saint George\'s','active','1'),(494,24,'BM','08','Sandys','active','1'),(495,24,'BM','09','Smiths','active','1'),(496,24,'BM','10','Southampton','active','1'),(497,24,'BM','11','Warwick','active','1'),(498,31,'BN','07','Alibori','active','1'),(499,31,'BN','08','Belait','active','1'),(500,31,'BN','09','Brunei and Muara','active','1'),(507,31,'BN','10','Temburong','active','1'),(501,31,'BN','11','Collines','active','1'),(503,31,'BN','12','Kouffo','active','1'),(502,31,'BN','13','Donga','active','1'),(504,31,'BN','14','Littoral','active','1'),(508,31,'BN','15','Tutong','active','1'),(505,31,'BN','16','Oueme','active','1'),(506,31,'BN','17','Plateau','active','1'),(509,31,'BN','18','Zou','active','1'),(510,26,'BO','01','Chuquisaca','active','1'),(511,26,'BO','02','Cochabamba','active','1'),(512,26,'BO','03','El Beni','active','1'),(513,26,'BO','04','La Paz','active','1'),(514,26,'BO','05','Oruro','active','1'),(515,26,'BO','06','Pando','active','1'),(516,26,'BO','07','Potosi','active','1'),(517,26,'BO','08','Santa Cruz','active','1'),(518,26,'BO','09','Tarija','active','1'),(519,29,'BR','01','Acre','active','1'),(520,29,'BR','02','Alagoas','active','1'),(521,29,'BR','03','Amapa','active','1'),(522,29,'BR','04','Amazonas','active','1'),(523,29,'BR','05','Bahia','active','1'),(524,29,'BR','06','Ceara','active','1'),(525,29,'BR','07','Distrito Federal','active','1'),(526,29,'BR','08','Espirito Santo','active','1'),(530,29,'BR','11','Mato Grosso do Sul','active','1'),(528,29,'BR','13','Maranhao','active','1'),(529,29,'BR','14','Mato Grosso','active','1'),(531,29,'BR','15','Minas Gerais','active','1'),(532,29,'BR','16','Para','active','1'),(533,29,'BR','17','Paraiba','active','1'),(534,29,'BR','18','Parana','active','1'),(536,29,'BR','20','Piaui','active','1'),(537,29,'BR','21','Rio de Janeiro','active','1'),(538,29,'BR','22','Rio Grande do Norte','active','1'),(539,29,'BR','23','Rio Grande do Sul','active','1'),(540,29,'BR','24','Rondonia','active','1'),(541,29,'BR','25','Roraima','active','1'),(542,29,'BR','26','Santa Catarina','active','1'),(543,29,'BR','27','Sao Paulo','active','1'),(544,29,'BR','28','Sergipe','active','1'),(527,29,'BR','29','Goias','active','1'),(535,29,'BR','30','Pernambuco','active','1'),(545,29,'BR','31','Tocantins','active','1'),(547,16,'BS','05','Bimini','active','1'),(548,16,'BS','06','Cat Island','active','1'),(549,16,'BS','10','Exuma','active','1'),(556,16,'BS','13','Inagua','active','1'),(558,16,'BS','15','Long Island','active','1'),(560,16,'BS','16','Mayaguana','active','1'),(563,16,'BS','18','Ragged Island','active','1'),(554,16,'BS','22','Harbour Island','active','1'),(561,16,'BS','23','New Providence','active','1'),(546,16,'BS','24','Acklins and Crooked Islands','active','1'),(550,16,'BS','25','Freeport','active','1'),(551,16,'BS','26','Fresh Creek','active','1'),(552,16,'BS','27','Governor\'s Harbour','active','1'),(553,16,'BS','28','Green Turtle Cay','active','1'),(555,16,'BS','29','High Rock','active','1'),(557,16,'BS','30','Kemps Bay','active','1'),(559,16,'BS','31','Marsh Harbour','active','1'),(562,16,'BS','32','Nichollstown and Berry Islands','active','1'),(564,16,'BS','33','Rock Sound','active','1'),(566,16,'BS','34','Sandy Point','active','1'),(565,16,'BS','35','San Salvador and Rum Cay','active','1'),(567,25,'BT','05','Bumthang','active','1'),(568,25,'BT','06','Chhukha','active','1'),(569,25,'BT','07','Chirang','active','1'),(570,25,'BT','08','Daga','active','1'),(571,25,'BT','09','Geylegphug','active','1'),(572,25,'BT','10','Ha','active','1'),(573,25,'BT','11','Lhuntshi','active','1'),(574,25,'BT','12','Mongar','active','1'),(575,25,'BT','13','Paro','active','1'),(576,25,'BT','14','Pemagatsel','active','1'),(577,25,'BT','15','Punakha','active','1'),(578,25,'BT','16','Samchi','active','1'),(579,25,'BT','17','Samdrup','active','1'),(580,25,'BT','18','Shemgang','active','1'),(581,25,'BT','19','Tashigang','active','1'),(582,25,'BT','20','Thimphu','active','1'),(583,25,'BT','21','Tongsa','active','1'),(584,25,'BT','22','Wangdi Phodrang','active','1'),(585,28,'BW','01','Central','active','1'),(586,28,'BW','03','Ghanzi','active','1'),(587,28,'BW','04','Kgalagadi','active','1'),(588,28,'BW','05','Kgatleng','active','1'),(589,28,'BW','06','Kweneng','active','1'),(590,28,'BW','08','North-East','active','1'),(592,28,'BW','09','South-East','active','1'),(593,28,'BW','10','Southern','active','1'),(591,28,'BW','11','North-West','active','1'),(594,20,'BY','01','Brestskaya Voblasts\'','active','1'),(595,20,'BY','02','Homyel\'skaya Voblasts\'','active','1'),(596,20,'BY','03','Hrodzyenskaya Voblasts\'','active','1'),(598,20,'BY','04','Minsk','active','1'),(599,20,'BY','05','Minskaya Voblasts\'','active','1'),(597,20,'BY','06','Mahilyowskaya Voblasts\'','active','1'),(600,20,'BY','07','Vitsyebskaya Voblasts\'','active','1'),(601,22,'BZ','01','Belize','active','1'),(602,22,'BZ','02','Cayo','active','1'),(603,22,'BZ','03','Corozal','active','1'),(604,22,'BZ','04','Orange Walk','active','1'),(605,22,'BZ','05','Stann Creek','active','1'),(606,22,'BZ','06','Toledo','active','1'),(1,38,'CA','01','Alberta','active','1'),(2,38,'CA','02','British Columbia','active','1'),(3,38,'CA','03','Manitoba','active','1'),(4,38,'CA','04','New Brunswick','active','1'),(5,38,'CA','05','Newfoundland and Labrador','active','1'),(7,38,'CA','07','Nova Scotia','active','1'),(9,38,'CA','08','Ontario','active','1'),(10,38,'CA','09','Prince Edward Island','active','1'),(11,38,'CA','10','Quebec','active','1'),(12,38,'CA','11','Saskatchewan','active','1'),(13,38,'CA','12','Yukon Territory','active','1'),(6,38,'CA','13','Northwest Territories','active','1'),(8,38,'CA','14','Nunavut','active','1'),(607,46,'CD','01','Bandundu','active','1'),(610,46,'CD','02','Equateur','active','1'),(611,46,'CD','04','Kasai-Oriental','active','1'),(612,46,'CD','05','Katanga','active','1'),(613,46,'CD','06','Kinshasa','active','1'),(614,46,'CD','07','Kivu','active','1'),(608,46,'CD','08','Bas-Congo','active','1'),(617,46,'CD','09','Orientale','active','1'),(615,46,'CD','10','Maniema','active','1'),(616,46,'CD','11','Nord-Kivu','active','1'),(618,46,'CD','12','Sud-Kivu','active','1'),(609,46,'CD','13','Cuvette','active','1'),(619,40,'CF','01','Bamingui-Bangoran','active','1'),(621,40,'CF','02','Basse-Kotto','active','1'),(624,40,'CF','03','Haute-Kotto','active','1'),(627,40,'CF','04','Mambere-Kadei','active','1'),(623,40,'CF','05','Haut-Mbomou','active','1'),(625,40,'CF','06','Kemo','active','1'),(626,40,'CF','07','Lobaye','active','1'),(628,40,'CF','08','Mbomou','active','1'),(630,40,'CF','09','Nana-Mambere','active','1'),(632,40,'CF','11','Ouaka','active','1'),(633,40,'CF','12','Ouham','active','1'),(634,40,'CF','13','Ouham-Pende','active','1'),(622,40,'CF','14','Cuvette-Ouest','active','1'),(629,40,'CF','15','Nana-Grebizi','active','1'),(635,40,'CF','16','Sangha-Mbaere','active','1'),(631,40,'CF','17','Ombella-Mpoko','active','1'),(620,40,'CF','18','Bangui','active','1'),(636,47,'CG','01','Bouenza','active','1'),(638,47,'CG','03','Cuvette','active','1'),(639,47,'CG','04','Kouilou','active','1'),(640,47,'CG','05','Lekoumou','active','1'),(641,47,'CG','06','Likouala','active','1'),(642,47,'CG','07','Niari','active','1'),(643,47,'CG','08','Plateaux','active','1'),(645,47,'CG','10','Sangha','active','1'),(644,47,'CG','11','Pool','active','1'),(637,47,'CG','12','Brazzaville','active','1'),(646,195,'CH','01','Aargau','active','1'),(647,195,'CH','02','Ausser-Rhoden','active','1'),(648,195,'CH','03','Basel-Landschaft','active','1'),(649,195,'CH','04','Basel-Stadt','active','1'),(650,195,'CH','05','Bern','active','1'),(651,195,'CH','06','Fribourg','active','1'),(652,195,'CH','07','Geneve','active','1'),(653,195,'CH','08','Glarus','active','1'),(654,195,'CH','09','Graubunden','active','1'),(655,195,'CH','10','Inner-Rhoden','active','1'),(657,195,'CH','11','Luzern','active','1'),(658,195,'CH','12','Neuchatel','active','1'),(659,195,'CH','13','Nidwalden','active','1'),(660,195,'CH','14','Obwalden','active','1'),(661,195,'CH','15','Sankt Gallen','active','1'),(662,195,'CH','16','Schaffhausen','active','1'),(663,195,'CH','17','Schwyz','active','1'),(664,195,'CH','18','Solothurn','active','1'),(665,195,'CH','19','Thurgau','active','1'),(666,195,'CH','20','Ticino','active','1'),(667,195,'CH','21','Uri','active','1'),(668,195,'CH','22','Valais','active','1'),(669,195,'CH','23','Vaud','active','1'),(670,195,'CH','24','Zug','active','1'),(671,195,'CH','25','Zurich','active','1'),(656,195,'CH','26','Jura','active','1'),(686,50,'CI','51','Sassandra','active','1'),(672,50,'CI','61','Abidjan','active','1'),(673,50,'CI','74','Agneby','active','1'),(674,50,'CI','75','Bafing','active','1'),(675,50,'CI','76','Bas-Sassandra','active','1'),(676,50,'CI','77','Denguele','active','1'),(677,50,'CI','78','Dix-Huit Montagnes','active','1'),(678,50,'CI','79','Fromager','active','1'),(679,50,'CI','80','Haut-Sassandra','active','1'),(680,50,'CI','81','Lacs','active','1'),(681,50,'CI','82','Lagunes','active','1'),(682,50,'CI','83','Marahoue','active','1'),(683,50,'CI','84','Moyen-Cavally','active','1'),(684,50,'CI','85','Moyen-Comoe','active','1'),(685,50,'CI','86','N\'zi-Comoe','active','1'),(687,50,'CI','87','Savanes','active','1'),(688,50,'CI','88','Sud-Bandama','active','1'),(689,50,'CI','89','Sud-Comoe','active','1'),(690,50,'CI','90','Vallee du Bandama','active','1'),(691,50,'CI','91','Worodougou','active','1'),(692,50,'CI','92','Zanzan','active','1'),(705,42,'CL','01','Valparaiso','active','1'),(693,42,'CL','02','Aisen del General Carlos Ibanez del Campo','active','1'),(694,42,'CL','03','Antofagasta','active','1'),(695,42,'CL','04','Araucania','active','1'),(696,42,'CL','05','Atacama','active','1'),(697,42,'CL','06','Bio-Bio','active','1'),(698,42,'CL','07','Coquimbo','active','1'),(699,42,'CL','08','Libertador General Bernardo O\'Higgins','active','1'),(700,42,'CL','09','Los Lagos','active','1'),(701,42,'CL','10','Magallanes y de la Antartica Chilena','active','1'),(702,42,'CL','11','Maule','active','1'),(703,42,'CL','12','Region Metropolitana','active','1'),(704,42,'CL','13','Tarapaca','active','1'),(708,37,'CM','04','Est','active','1'),(710,37,'CM','05','Littoral','active','1'),(712,37,'CM','07','Nord-Ouest','active','1'),(713,37,'CM','08','Ouest','active','1'),(715,37,'CM','09','Sud-Ouest','active','1'),(706,37,'CM','10','Adamaoua','active','1'),(707,37,'CM','11','Centre','active','1'),(709,37,'CM','12','Extreme-Nord','active','1'),(711,37,'CM','13','Nord','active','1'),(714,37,'CM','14','Sud','active','1'),(716,43,'CN','01','Anhui','active','1'),(746,43,'CN','02','Zhejiang','active','1'),(731,43,'CN','03','Jiangxi','active','1'),(730,43,'CN','04','Jiangsu','active','1'),(732,43,'CN','05','Jilin','active','1'),(736,43,'CN','06','Qinghai','active','1'),(719,43,'CN','07','Fujian','active','1'),(726,43,'CN','08','Heilongjiang','active','1'),(727,43,'CN','09','Henan','active','1'),(725,43,'CN','10','Hebei','active','1'),(729,43,'CN','11','Hunan','active','1'),(728,43,'CN','12','Hubei','active','1'),(743,43,'CN','13','Xinjiang','active','1'),(744,43,'CN','14','Xizang','active','1'),(720,43,'CN','15','Gansu','active','1'),(722,43,'CN','16','Guangxi','active','1'),(723,43,'CN','18','Guizhou','active','1'),(733,43,'CN','19','Liaoning','active','1'),(734,43,'CN','20','Nei Mongol','active','1'),(735,43,'CN','21','Ningxia','active','1'),(717,43,'CN','22','Beijing','active','1'),(739,43,'CN','23','Shanghai','active','1'),(740,43,'CN','24','Shanxi','active','1'),(738,43,'CN','25','Shandong','active','1'),(737,43,'CN','26','Shaanxi','active','1'),(742,43,'CN','28','Tianjin','active','1'),(745,43,'CN','29','Yunnan','active','1'),(721,43,'CN','30','Guangdong','active','1'),(724,43,'CN','31','Hainan','active','1'),(741,43,'CN','32','Sichuan','active','1'),(718,43,'CN','33','Chongqing','active','1'),(747,44,'CO','01','Amazonas','active','1'),(748,44,'CO','02','Antioquia','active','1'),(749,44,'CO','03','Arauca','active','1'),(750,44,'CO','04','Atlantico','active','1'),(751,44,'CO','05','Bolvar Department','active','1'),(754,44,'CO','06','Boyac Department','active','1'),(756,44,'CO','07','Caldas Department','active','1'),(757,44,'CO','08','Caqueta','active','1'),(759,44,'CO','09','Cauca','active','1'),(760,44,'CO','10','Cesar','active','1'),(761,44,'CO','11','Choco','active','1'),(762,44,'CO','12','Cordoba','active','1'),(766,44,'CO','14','Guaviare','active','1'),(765,44,'CO','15','Guainia','active','1'),(767,44,'CO','16','Huila','active','1'),(768,44,'CO','17','La Guajira','active','1'),(770,44,'CO','18','Magdalena Department','active','1'),(771,44,'CO','19','Meta','active','1'),(772,44,'CO','20','Narino','active','1'),(773,44,'CO','21','Norte de Santander','active','1'),(774,44,'CO','22','Putumayo','active','1'),(775,44,'CO','23','Quindio','active','1'),(776,44,'CO','24','Risaralda','active','1'),(777,44,'CO','25','San Andres y Providencia','active','1'),(778,44,'CO','26','Santander','active','1'),(779,44,'CO','27','Sucre','active','1'),(780,44,'CO','28','Tolima','active','1'),(781,44,'CO','29','Valle del Cauca','active','1'),(782,44,'CO','30','Vaupes','active','1'),(783,44,'CO','31','Vichada','active','1'),(758,44,'CO','32','Casanare','active','1'),(763,44,'CO','33','Cundinamarca','active','1'),(764,44,'CO','34','Distrito Especial','active','1'),(752,44,'CO','35','Bolivar','active','1'),(753,44,'CO','36','Boyaca','active','1'),(755,44,'CO','37','Caldas','active','1'),(769,44,'CO','38','Magdalena','active','1'),(784,49,'CR','01','Alajuela','active','1'),(785,49,'CR','02','Cartago','active','1'),(786,49,'CR','03','Guanacaste','active','1'),(787,49,'CR','04','Heredia','active','1'),(788,49,'CR','06','Limon','active','1'),(789,49,'CR','07','Puntarenas','active','1'),(790,49,'CR','08','San Jose','active','1'),(802,52,'CU','01','Pinar del Rio','active','1'),(794,52,'CU','02','Ciudad de la Habana','active','1'),(801,52,'CU','03','Matanzas','active','1'),(798,52,'CU','04','Isla de la Juventud','active','1'),(791,52,'CU','05','Camaguey','active','1'),(792,52,'CU','07','Ciego de Avila','active','1'),(793,52,'CU','08','Cienfuegos','active','1'),(795,52,'CU','09','Granma','active','1'),(796,52,'CU','10','Guantanamo','active','1'),(799,52,'CU','11','La Habana','active','1'),(797,52,'CU','12','Holguin','active','1'),(800,52,'CU','13','Las Tunas','active','1'),(803,52,'CU','14','Sancti Spiritus','active','1'),(804,52,'CU','15','Santiago de Cuba','active','1'),(805,52,'CU','16','Villa Clara','active','1'),(806,39,'CV','01','Boa Vista','active','1'),(807,39,'CV','02','Brava','active','1'),(808,39,'CV','04','Maio','active','1'),(810,39,'CV','05','Paul','active','1'),(812,39,'CV','07','Ribeira Grande','active','1'),(813,39,'CV','08','Sal','active','1'),(819,39,'CV','10','Sao Nicolau','active','1'),(820,39,'CV','11','Sao Vicente','active','1'),(809,39,'CV','13','Mosteiros','active','1'),(811,39,'CV','14','Praia','active','1'),(814,39,'CV','15','Santa Catarina','active','1'),(815,39,'CV','16','Santa Cruz','active','1'),(816,39,'CV','17','Sao Domingos','active','1'),(817,39,'CV','18','Sao Filipe','active','1'),(818,39,'CV','19','Sao Miguel','active','1'),(821,39,'CV','20','Tarrafal','active','1'),(822,53,'CY','01','Famagusta','active','1'),(823,53,'CY','02','Kyrenia','active','1'),(824,53,'CY','03','Larnaca','active','1'),(826,53,'CY','04','Nicosia','active','1'),(825,53,'CY','05','Limassol','active','1'),(827,53,'CY','06','Paphos','active','1'),(828,54,'CZ','03','Blansko','active','1'),(829,54,'CZ','04','Breclav','active','1'),(831,54,'CZ','20','Hradec Kralove','active','1'),(832,54,'CZ','21','Jablonec nad Nisou','active','1'),(833,54,'CZ','23','Jicin','active','1'),(834,54,'CZ','24','Jihlava','active','1'),(838,54,'CZ','30','Kolin','active','1'),(840,54,'CZ','33','Liberec','active','1'),(842,54,'CZ','36','Melnik','active','1'),(843,54,'CZ','37','Mlada Boleslav','active','1'),(845,54,'CZ','39','Nachod','active','1'),(846,54,'CZ','41','Nymburk','active','1'),(848,54,'CZ','45','Pardubice','active','1'),(830,54,'CZ','52','Hlavni mesto Praha','active','1'),(851,54,'CZ','61','Semily','active','1'),(853,54,'CZ','70','Trutnov','active','1'),(836,54,'CZ','78','Jihomoravsky kraj','active','1'),(835,54,'CZ','79','Jihocesky kraj','active','1'),(855,54,'CZ','80','Vysocina','active','1'),(837,54,'CZ','81','Karlovarsky kraj','active','1'),(839,54,'CZ','82','Kralovehradecky kraj','active','1'),(841,54,'CZ','83','Liberecky kraj','active','1'),(847,54,'CZ','84','Olomoucky kraj','active','1'),(844,54,'CZ','85','Moravskoslezsky kraj','active','1'),(849,54,'CZ','86','Pardubicky kraj','active','1'),(850,54,'CZ','87','Plzensky kraj','active','1'),(852,54,'CZ','88','Stredocesky kraj','active','1'),(854,54,'CZ','89','Ustecky kraj','active','1'),(856,54,'CZ','90','Zlinsky kraj','active','1'),(857,76,'DE','01','Baden-Wurttemberg','active','1'),(858,76,'DE','02','Bayern','active','1'),(861,76,'DE','03','Bremen','active','1'),(862,76,'DE','04','Hamburg','active','1'),(863,76,'DE','05','Hessen','active','1'),(865,76,'DE','06','Niedersachsen','active','1'),(866,76,'DE','07','Nordrhein-Westfalen','active','1'),(867,76,'DE','08','Rheinland-Pfalz','active','1'),(868,76,'DE','09','Saarland','active','1'),(871,76,'DE','10','Schleswig-Holstein','active','1'),(860,76,'DE','11','Brandenburg','active','1'),(864,76,'DE','12','Mecklenburg-Vorpommern','active','1'),(869,76,'DE','13','Sachsen','active','1'),(870,76,'DE','14','Sachsen-Anhalt','active','1'),(872,76,'DE','15','Thuringen','active','1'),(859,76,'DE','16','Berlin','active','1'),(873,56,'DJ','01','Ali Sabieh','active','1'),(877,56,'DJ','04','Obock','active','1'),(878,56,'DJ','05','Tadjoura','active','1'),(875,56,'DJ','06','Dikhil','active','1'),(876,56,'DJ','07','Djibouti','active','1'),(874,56,'DJ','08','Arta','active','1'),(879,55,'DK','01','Arhus','active','1'),(880,55,'DK','02','Bornholm','active','1'),(881,55,'DK','03','Frederiksborg','active','1'),(882,55,'DK','04','Fyn','active','1'),(884,55,'DK','05','Kobenhavn','active','1'),(893,55,'DK','06','Staden Kobenhavn','active','1'),(887,55,'DK','07','Nordjylland','active','1'),(888,55,'DK','08','Ribe','active','1'),(889,55,'DK','09','Ringkobing','active','1'),(890,55,'DK','10','Roskilde','active','1'),(892,55,'DK','11','Sonderjylland','active','1'),(894,55,'DK','12','Storstrom','active','1'),(896,55,'DK','13','Vejle','active','1'),(897,55,'DK','14','Vestsjalland','active','1'),(898,55,'DK','15','Viborg','active','1'),(883,55,'DK','17','Hovedstaden','active','1'),(885,55,'DK','18','Midtjyllen','active','1'),(886,55,'DK','19','Nordjylland','active','1'),(891,55,'DK','20','Sjelland','active','1'),(895,55,'DK','21','Syddanmark','active','1'),(899,57,'DM','02','Saint Andrew','active','1'),(900,57,'DM','03','Saint David','active','1'),(901,57,'DM','04','Saint George','active','1'),(902,57,'DM','05','Saint John','active','1'),(903,57,'DM','06','Saint Joseph','active','1'),(904,57,'DM','07','Saint Luke','active','1'),(905,57,'DM','08','Saint Mark','active','1'),(906,57,'DM','09','Saint Patrick','active','1'),(907,57,'DM','10','Saint Paul','active','1'),(908,57,'DM','11','Saint Peter','active','1'),(909,58,'DO','01','Azua','active','1'),(910,58,'DO','02','Baoruco','active','1'),(911,58,'DO','03','Barahona','active','1'),(912,58,'DO','04','Dajabon','active','1'),(913,58,'DO','05','Distrito Nacional','active','1'),(915,58,'DO','06','Duarte','active','1'),(918,58,'DO','08','Espaillat','active','1'),(920,58,'DO','09','Independencia','active','1'),(921,58,'DO','10','La Altagracia','active','1'),(917,58,'DO','11','Elias Pina','active','1'),(922,58,'DO','12','La Romana','active','1'),(924,58,'DO','14','Maria Trinidad Sanchez','active','1'),(926,58,'DO','15','Monte Cristi','active','1'),(928,58,'DO','16','Pedernales','active','1'),(930,58,'DO','17','Peravia','active','1'),(931,58,'DO','18','Puerto Plata','active','1'),(932,58,'DO','19','Salcedo','active','1'),(933,58,'DO','20','Samana','active','1'),(938,58,'DO','21','Sanchez Ramirez','active','1'),(936,58,'DO','23','San Juan','active','1'),(937,58,'DO','24','San Pedro De Macoris','active','1'),(939,58,'DO','25','Santiago','active','1'),(940,58,'DO','26','Santiago Rodriguez','active','1'),(942,58,'DO','27','Valverde','active','1'),(916,58,'DO','28','El Seibo','active','1'),(919,58,'DO','29','Hato Mayor','active','1'),(923,58,'DO','30','La Vega','active','1'),(925,58,'DO','31','Monsenor Nouel','active','1'),(927,58,'DO','32','Monte Plata','active','1'),(934,58,'DO','33','San Cristobal','active','1'),(914,58,'DO','34','Distrito Nacional','active','1'),(929,58,'DO','35','Peravia','active','1'),(935,58,'DO','36','San Jose de Ocoa','active','1'),(941,58,'DO','37','Santo Domingo','active','1'),(946,3,'DZ','01','Alger','active','1'),(948,3,'DZ','03','Batna','active','1'),(957,3,'DZ','04','Constantine','active','1'),(970,3,'DZ','06','Medea','active','1'),(972,3,'DZ','07','Mostaganem','active','1'),(974,3,'DZ','09','Oran','active','1'),(978,3,'DZ','10','Saida','active','1'),(979,3,'DZ','12','Setif','active','1'),(985,3,'DZ','13','Tiaret','active','1'),(989,3,'DZ','14','Tizi Ouzou','active','1'),(990,3,'DZ','15','Tlemcen','active','1'),(950,3,'DZ','18','Bejaia','active','1'),(951,3,'DZ','19','Biskra','active','1'),(952,3,'DZ','20','Blida','active','1'),(954,3,'DZ','21','Bouira','active','1'),(958,3,'DZ','22','Djelfa','active','1'),(963,3,'DZ','23','Guelma','active','1'),(965,3,'DZ','24','Jijel','active','1'),(967,3,'DZ','25','Laghouat','active','1'),(969,3,'DZ','26','Mascara','active','1'),(968,3,'DZ','27','M\'sila','active','1'),(976,3,'DZ','29','Oum el Bouaghi','active','1'),(980,3,'DZ','30','Sidi Bel Abbes','active','1'),(981,3,'DZ','31','Skikda','active','1'),(984,3,'DZ','33','Tebessa','active','1'),(943,3,'DZ','34','Adrar','active','1'),(944,3,'DZ','35','Ain Defla','active','1'),(945,3,'DZ','36','Ain Temouchent','active','1'),(947,3,'DZ','37','Annaba','active','1'),(949,3,'DZ','38','Bechar','active','1'),(953,3,'DZ','39','Bordj Bou Arreridj','active','1'),(955,3,'DZ','40','Boumerdes','active','1'),(956,3,'DZ','41','Chlef','active','1'),(959,3,'DZ','42','El Bayadh','active','1'),(960,3,'DZ','43','El Oued','active','1'),(961,3,'DZ','44','El Tarf','active','1'),(962,3,'DZ','45','Ghardaia','active','1'),(964,3,'DZ','46','Illizi','active','1'),(966,3,'DZ','47','Khenchela','active','1'),(971,3,'DZ','48','Mila','active','1'),(973,3,'DZ','49','Naama','active','1'),(975,3,'DZ','50','Ouargla','active','1'),(977,3,'DZ','51','Relizane','active','1'),(982,3,'DZ','52','Souk Ahras','active','1'),(983,3,'DZ','53','Tamanghasset','active','1'),(986,3,'DZ','54','Tindouf','active','1'),(987,3,'DZ','55','Tipaza','active','1'),(988,3,'DZ','56','Tissemsilt','active','1'),(999,59,'EC','01','Galapagos','active','1'),(991,59,'EC','02','Azuay','active','1'),(992,59,'EC','03','Bolivar','active','1'),(993,59,'EC','04','Canar','active','1'),(994,59,'EC','05','Carchi','active','1'),(995,59,'EC','06','Chimborazo','active','1'),(996,59,'EC','07','Cotopaxi','active','1'),(997,59,'EC','08','El Oro','active','1'),(998,59,'EC','09','Esmeraldas','active','1'),(1000,59,'EC','10','Guayas','active','1'),(1001,59,'EC','11','Imbabura','active','1'),(1002,59,'EC','12','Loja','active','1'),(1003,59,'EC','13','Los Rios','active','1'),(1004,59,'EC','14','Manabi','active','1'),(1005,59,'EC','15','Morona-Santiago','active','1'),(1008,59,'EC','17','Pastaza','active','1'),(1009,59,'EC','18','Pichincha','active','1'),(1011,59,'EC','19','Tungurahua','active','1'),(1012,59,'EC','20','Zamora-Chinchipe','active','1'),(1010,59,'EC','22','Sucumbios','active','1'),(1006,59,'EC','23','Napo','active','1'),(1007,59,'EC','24','Orellana','active','1'),(1013,64,'EE','01','Harjumaa','active','1'),(1014,64,'EE','02','Hiiumaa','active','1'),(1015,64,'EE','03','Ida-Virumaa','active','1'),(1016,64,'EE','04','Jarvamaa','active','1'),(1017,64,'EE','05','Jogevamaa','active','1'),(1018,64,'EE','06','Kohtla-Jarve','active','1'),(1020,64,'EE','07','Laanemaa','active','1'),(1019,64,'EE','08','Laane-Virumaa','active','1'),(1021,64,'EE','09','Narva','active','1'),(1022,64,'EE','10','Parnu','active','1'),(1023,64,'EE','11','Parnumaa','active','1'),(1024,64,'EE','12','Polvamaa','active','1'),(1025,64,'EE','13','Raplamaa','active','1'),(1026,64,'EE','14','Saaremaa','active','1'),(1027,64,'EE','15','Sillamae','active','1'),(1028,64,'EE','16','Tallinn','active','1'),(1029,64,'EE','17','Tartu','active','1'),(1030,64,'EE','18','Tartumaa','active','1'),(1031,64,'EE','19','Valgamaa','active','1'),(1032,64,'EE','20','Viljandimaa','active','1'),(1033,64,'EE','21','Vorumaa','active','1'),(1034,60,'EG','01','Ad Daqahliyah','active','1'),(1035,60,'EG','02','Al Bahr al Ahmar','active','1'),(1036,60,'EG','03','Al Buhayrah','active','1'),(1037,60,'EG','04','Al Fayyum','active','1'),(1038,60,'EG','05','Al Gharbiyah','active','1'),(1039,60,'EG','06','Al Iskandariyah','active','1'),(1040,60,'EG','07','Al Isma\'iliyah','active','1'),(1041,60,'EG','08','Al Jizah','active','1'),(1042,60,'EG','09','Al Minufiyah','active','1'),(1043,60,'EG','10','Al Minya','active','1'),(1044,60,'EG','11','Al Qahirah','active','1'),(1045,60,'EG','12','Al Qalyubiyah','active','1'),(1046,60,'EG','13','Al Wadi al Jadid','active','1'),(1048,60,'EG','14','Ash Sharqiyah','active','1'),(1047,60,'EG','15','As Suways','active','1'),(1049,60,'EG','16','Aswan','active','1'),(1050,60,'EG','17','Asyut','active','1'),(1051,60,'EG','18','Bani Suwayf','active','1'),(1052,60,'EG','19','Bur Sa\'id','active','1'),(1053,60,'EG','20','Dumyat','active','1'),(1055,60,'EG','21','Kafr ash Shaykh','active','1'),(1056,60,'EG','22','Matruh','active','1'),(1057,60,'EG','23','Qina','active','1'),(1059,60,'EG','24','Suhaj','active','1'),(1054,60,'EG','26','Janub Sina\'','active','1'),(1058,60,'EG','27','Shamal Sina\'','active','1'),(1060,63,'ER','01','Anseba','active','1'),(1061,63,'ER','02','Debub','active','1'),(1062,63,'ER','03','Debubawi K\'eyih Bahri','active','1'),(1063,63,'ER','04','Gash Barka','active','1'),(1064,63,'ER','05','Ma\'akel','active','1'),(1065,63,'ER','06','Semenawi K\'eyih Bahri','active','1'),(1077,189,'ES','07','Islas Baleares','active','1'),(1078,189,'ES','27','La Rioja','active','1'),(1079,189,'ES','29','Madrid','active','1'),(1080,189,'ES','31','Murcia','active','1'),(1081,189,'ES','32','Navarra','active','1'),(1068,189,'ES','34','Asturias','active','1'),(1070,189,'ES','39','Cantabria','active','1'),(1066,189,'ES','51','Andalucia','active','1'),(1067,189,'ES','52','Aragon','active','1'),(1069,189,'ES','53','Canarias','active','1'),(1072,189,'ES','54','Castilla-La Mancha','active','1'),(1071,189,'ES','55','Castilla y Leon','active','1'),(1073,189,'ES','56','Catalonia','active','1'),(1075,189,'ES','57','Extremadura','active','1'),(1076,189,'ES','58','Galicia','active','1'),(1082,189,'ES','59','Pais Vasco','active','1'),(1074,189,'ES','60','Comunidad Valenciana','active','1'),(1088,65,'ET','02','Amhara','active','1'),(1096,65,'ET','07','Somali','active','1'),(1093,65,'ET','08','Gambella','active','1'),(1083,65,'ET','10','Addis Abeba','active','1'),(1097,65,'ET','11','Southern','active','1'),(1099,65,'ET','12','Tigray','active','1'),(1089,65,'ET','13','Benishangul','active','1'),(1086,65,'ET','14','Afar','active','1'),(1084,65,'ET','44','Adis Abeba','active','1'),(1085,65,'ET','45','Afar','active','1'),(1087,65,'ET','46','Amara','active','1'),(1090,65,'ET','47','Binshangul Gumuz','active','1'),(1091,65,'ET','48','Dire Dawa','active','1'),(1092,65,'ET','49','Gambela Hizboch','active','1'),(1094,65,'ET','50','Hareri Hizb','active','1'),(1095,65,'ET','51','Oromiya','active','1'),(1098,65,'ET','52','Sumale','active','1'),(1100,65,'ET','53','Tigray','active','1'),(1101,65,'ET','54','YeDebub Biheroch Bihereseboch na Hizboch','active','1'),(1102,68,'FI','01','Aland','active','1'),(1104,68,'FI','06','Lapland','active','1'),(1105,68,'FI','08','Oulu','active','1'),(1106,68,'FI','13','Southern Finland','active','1'),(1103,68,'FI','14','Eastern Finland','active','1'),(1107,68,'FI','15','Western Finland','active','1'),(1108,67,'FJ','01','Central','active','1'),(1109,67,'FJ','02','Eastern','active','1'),(1110,67,'FJ','03','Northern','active','1'),(1111,67,'FJ','04','Rotuma','active','1'),(1112,67,'FJ','05','Western','active','1'),(1114,133,'FM','01','Kosrae','active','1'),(1115,133,'FM','02','Pohnpei','active','1'),(1113,133,'FM','03','Chuuk','active','1'),(1116,133,'FM','04','Yap','active','1'),(1118,69,'FR','97','Aquitaine','active','1'),(1119,69,'FR','98','Auvergne','active','1'),(1120,69,'FR','99','Basse-Normandie','active','1'),(1121,69,'FR','A1','Bourgogne','active','1'),(1122,69,'FR','A2','Bretagne','active','1'),(1123,69,'FR','A3','Centre','active','1'),(1124,69,'FR','A4','Champagne-Ardenne','active','1'),(1125,69,'FR','A5','Corse','active','1'),(1126,69,'FR','A6','Franche-Comte','active','1'),(1127,69,'FR','A7','Haute-Normandie','active','1'),(1128,69,'FR','A8','Ile-de-France','active','1'),(1129,69,'FR','A9','Languedoc-Roussillon','active','1'),(1130,69,'FR','B1','Limousin','active','1'),(1131,69,'FR','B2','Lorraine','active','1'),(1132,69,'FR','B3','Midi-Pyrenees','active','1'),(1133,69,'FR','B4','Nord-Pas-de-Calais','active','1'),(1134,69,'FR','B5','Pays de la Loire','active','1'),(1135,69,'FR','B6','Picardie','active','1'),(1136,69,'FR','B7','Poitou-Charentes','active','1'),(1137,69,'FR','B8','Provence-Alpes-Cote d\'Azur','active','1'),(1138,69,'FR','B9','Rhone-Alpes','active','1'),(1117,69,'FR','C1','Alsace','active','1'),(1139,72,'GA','01','Estuaire','active','1'),(1140,72,'GA','02','Haut-Ogooue','active','1'),(1141,72,'GA','03','Moyen-Ogooue','active','1'),(1142,72,'GA','04','Ngounie','active','1'),(1143,72,'GA','05','Nyanga','active','1'),(1144,72,'GA','06','Ogooue-Ivindo','active','1'),(1145,72,'GA','07','Ogooue-Lolo','active','1'),(1146,72,'GA','08','Ogooue-Maritime','active','1'),(1147,72,'GA','09','Woleu-Ntem','active','1'),(1155,212,'GB','01','Avon','active','1'),(1165,212,'GB','03','Berkshire','active','1'),(1194,212,'GB','07','Cleveland','active','1'),(1238,212,'GB','17','Greater London','active','1'),(1239,212,'GB','18','Greater Manchester','active','1'),(1251,212,'GB','20','Hereford and Worcester','active','1'),(1257,212,'GB','22','Humberside','active','1'),(1285,212,'GB','28','Merseyside','active','1'),(1349,212,'GB','37','South Yorkshire','active','1'),(1375,212,'GB','41','Tyne and Wear','active','1'),(1387,212,'GB','43','West Midlands','active','1'),(1389,212,'GB','45','West Yorkshire','active','1'),(1190,212,'GB','79','Central','active','1'),(1237,212,'GB','82','Grampian','active','1'),(1280,212,'GB','84','Lothian','active','1'),(1360,212,'GB','87','Strathclyde','active','1'),(1368,212,'GB','88','Tayside','active','1'),(1195,212,'GB','90','Clwyd','active','1'),(1218,212,'GB','91','Dyfed','active','1'),(1241,212,'GB','92','Gwent','active','1'),(1288,212,'GB','94','Mid Glamorgan','active','1'),(1345,212,'GB','96','South Glamorgan','active','1'),(1385,212,'GB','97','West Glamorgan','active','1'),(1159,212,'GB','A1','Barking and Dagenham','active','1'),(1160,212,'GB','A2','Barnet','active','1'),(1161,212,'GB','A3','Barnsley','active','1'),(1162,212,'GB','A4','Bath and North East Somerset','active','1'),(1163,212,'GB','A5','Bedfordshire','active','1'),(1166,212,'GB','A6','Bexley','active','1'),(1167,212,'GB','A7','Birmingham','active','1'),(1168,212,'GB','A8','Blackburn with Darwen','active','1'),(1169,212,'GB','A9','Blackpool','active','1'),(1171,212,'GB','B1','Bolton','active','1'),(1172,212,'GB','B2','Bournemouth','active','1'),(1173,212,'GB','B3','Bracknell Forest','active','1'),(1174,212,'GB','B4','Bradford','active','1'),(1175,212,'GB','B5','Brent','active','1'),(1177,212,'GB','B6','Brighton and Hove','active','1'),(1178,212,'GB','B7','Bristol, City of','active','1'),(1179,212,'GB','B8','Bromley','active','1'),(1180,212,'GB','B9','Buckinghamshire','active','1'),(1181,212,'GB','C1','Bury','active','1'),(1183,212,'GB','C2','Calderdale','active','1'),(1184,212,'GB','C3','Cambridgeshire','active','1'),(1185,212,'GB','C4','Camden','active','1'),(1192,212,'GB','C5','Cheshire','active','1'),(1199,212,'GB','C6','Cornwall','active','1'),(1200,212,'GB','C7','Coventry','active','1'),(1202,212,'GB','C8','Croydon','active','1'),(1203,212,'GB','C9','Cumbria','active','1'),(1204,212,'GB','D1','Darlington','active','1'),(1206,212,'GB','D2','Derby','active','1'),(1207,212,'GB','D3','Derbyshire','active','1'),(1209,212,'GB','D4','Devon','active','1'),(1210,212,'GB','D5','Doncaster','active','1'),(1211,212,'GB','D6','Dorset','active','1'),(1213,212,'GB','D7','Dudley','active','1'),(1217,212,'GB','D8','Durham','active','1'),(1219,212,'GB','D9','Ealing','active','1'),(1224,212,'GB','E1','East Riding of Yorkshire','active','1'),(1225,212,'GB','E2','East Sussex','active','1'),(1228,212,'GB','E3','Enfield','active','1'),(1229,212,'GB','E4','Essex','active','1'),(1234,212,'GB','E5','Gateshead','active','1'),(1236,212,'GB','E6','Gloucestershire','active','1'),(1240,212,'GB','E7','Greenwich','active','1'),(1243,212,'GB','E8','Hackney','active','1'),(1244,212,'GB','E9','Halton','active','1'),(1245,212,'GB','F1','Hammersmith and Fulham','active','1'),(1246,212,'GB','F2','Hampshire','active','1'),(1247,212,'GB','F3','Haringey','active','1'),(1248,212,'GB','F4','Harrow','active','1'),(1249,212,'GB','F5','Hartlepool','active','1'),(1250,212,'GB','F6','Havering','active','1'),(1252,212,'GB','F7','Herefordshire','active','1'),(1253,212,'GB','F8','Hertford','active','1'),(1255,212,'GB','F9','Hillingdon','active','1'),(1256,212,'GB','G1','Hounslow','active','1'),(1260,212,'GB','G2','Isle of Wight','active','1'),(1261,212,'GB','G3','Islington','active','1'),(1262,212,'GB','G4','Kensington and Chelsea','active','1'),(1263,212,'GB','G5','Kent','active','1'),(1264,212,'GB','G6','Kingston upon Hull, City of','active','1'),(1265,212,'GB','G7','Kingston upon Thames','active','1'),(1266,212,'GB','G8','Kirklees','active','1'),(1267,212,'GB','G9','Knowsley','active','1'),(1268,212,'GB','H1','Lambeth','active','1'),(1269,212,'GB','H2','Lancashire','active','1'),(1271,212,'GB','H3','Leeds','active','1'),(1272,212,'GB','H4','Leicester','active','1'),(1273,212,'GB','H5','Leicestershire','active','1'),(1274,212,'GB','H6','Lewisham','active','1'),(1276,212,'GB','H7','Lincolnshire','active','1'),(1278,212,'GB','H8','Liverpool','active','1'),(1279,212,'GB','H9','London, City of','active','1'),(1281,212,'GB','I1','Luton','active','1'),(1283,212,'GB','I2','Manchester','active','1'),(1284,212,'GB','I3','Medway','active','1'),(1287,212,'GB','I4','Merton','active','1'),(1289,212,'GB','I5','Middlesbrough','active','1'),(1291,212,'GB','I6','Milton Keynes','active','1'),(1296,212,'GB','I7','Newcastle upon Tyne','active','1'),(1297,212,'GB','I8','Newham','active','1'),(1301,212,'GB','I9','Norfolk','active','1'),(1310,212,'GB','J1','Northamptonshire','active','1'),(1304,212,'GB','J2','North East Lincolnshire','active','1'),(1306,212,'GB','J3','North Lincolnshire','active','1'),(1307,212,'GB','J4','North Somerset','active','1'),(1308,212,'GB','J5','North Tyneside','active','1'),(1311,212,'GB','J6','Northumberland','active','1'),(1309,212,'GB','J7','North Yorkshire','active','1'),(1312,212,'GB','J8','Nottingham','active','1'),(1313,212,'GB','J9','Nottinghamshire','active','1'),(1314,212,'GB','K1','Oldham','active','1'),(1317,212,'GB','K2','Oxfordshire','active','1'),(1320,212,'GB','K3','Peterborough','active','1'),(1321,212,'GB','K4','Plymouth','active','1'),(1322,212,'GB','K5','Poole','active','1'),(1323,212,'GB','K6','Portsmouth','active','1'),(1325,212,'GB','K7','Reading','active','1'),(1326,212,'GB','K8','Redbridge','active','1'),(1327,212,'GB','K9','Redcar and Cleveland','active','1'),(1330,212,'GB','L1','Richmond upon Thames','active','1'),(1331,212,'GB','L2','Rochdale','active','1'),(1332,212,'GB','L3','Rotherham','active','1'),(1333,212,'GB','L4','Rutland','active','1'),(1334,212,'GB','L5','Salford','active','1'),(1340,212,'GB','L6','Shropshire','active','1'),(1335,212,'GB','L7','Sandwell','active','1'),(1337,212,'GB','L8','Sefton','active','1'),(1338,212,'GB','L9','Sheffield','active','1'),(1341,212,'GB','M1','Slough','active','1'),(1342,212,'GB','M2','Solihull','active','1'),(1343,212,'GB','M3','Somerset','active','1'),(1350,212,'GB','M4','Southampton','active','1'),(1351,212,'GB','M5','Southend-on-Sea','active','1'),(1346,212,'GB','M6','South Gloucestershire','active','1'),(1348,212,'GB','M7','South Tyneside','active','1'),(1352,212,'GB','M8','Southwark','active','1'),(1354,212,'GB','M9','Staffordshire','active','1'),(1353,212,'GB','N1','St. Helens','active','1'),(1356,212,'GB','N2','Stockport','active','1'),(1357,212,'GB','N3','Stockton-on-Tees','active','1'),(1358,212,'GB','N4','Stoke-on-Trent','active','1'),(1361,212,'GB','N5','Suffolk','active','1'),(1362,212,'GB','N6','Sunderland','active','1'),(1363,212,'GB','N7','Surrey','active','1'),(1364,212,'GB','N8','Sutton','active','1'),(1366,212,'GB','N9','Swindon','active','1'),(1367,212,'GB','O1','Tameside','active','1'),(1369,212,'GB','O2','Telford and Wrekin','active','1'),(1370,212,'GB','O3','Thurrock','active','1'),(1371,212,'GB','O4','Torbay','active','1'),(1373,212,'GB','O5','Tower Hamlets','active','1'),(1374,212,'GB','O6','Trafford','active','1'),(1377,212,'GB','O7','Wakefield','active','1'),(1378,212,'GB','O8','Walsall','active','1'),(1379,212,'GB','O9','Waltham Forest','active','1'),(1380,212,'GB','P1','Wandsworth','active','1'),(1381,212,'GB','P2','Warrington','active','1'),(1382,212,'GB','P3','Warwickshire','active','1'),(1383,212,'GB','P4','West Berkshire','active','1'),(1390,212,'GB','P5','Westminster','active','1'),(1388,212,'GB','P6','West Sussex','active','1'),(1391,212,'GB','P7','Wigan','active','1'),(1392,212,'GB','P8','Wiltshire','active','1'),(1393,212,'GB','P9','Windsor and Maidenhead','active','1'),(1394,212,'GB','Q1','Wirral','active','1'),(1395,212,'GB','Q2','Wokingham','active','1'),(1396,212,'GB','Q3','Wolverhampton','active','1'),(1397,212,'GB','Q4','Worcestershire','active','1'),(1399,212,'GB','Q5','York','active','1'),(1151,212,'GB','Q6','Antrim','active','1'),(1152,212,'GB','Q7','Ards','active','1'),(1154,212,'GB','Q8','Armagh','active','1'),(1156,212,'GB','Q9','Ballymena','active','1'),(1157,212,'GB','R1','Ballymoney','active','1'),(1158,212,'GB','R2','Banbridge','active','1'),(1164,212,'GB','R3','Belfast','active','1'),(1188,212,'GB','R4','Carrickfergus','active','1'),(1189,212,'GB','R5','Castlereagh','active','1'),(1196,212,'GB','R6','Coleraine','active','1'),(1198,212,'GB','R7','Cookstown','active','1'),(1201,212,'GB','R8','Craigavon','active','1'),(1212,212,'GB','R9','Down','active','1'),(1216,212,'GB','S1','Dungannon','active','1'),(1231,212,'GB','S2','Fermanagh','active','1'),(1270,212,'GB','S3','Larne','active','1'),(1275,212,'GB','S4','Limavady','active','1'),(1277,212,'GB','S5','Lisburn','active','1'),(1208,212,'GB','S6','Derry','active','1'),(1282,212,'GB','S7','Magherafelt','active','1'),(1294,212,'GB','S8','Moyle','active','1'),(1299,212,'GB','S9','Newry and Mourne','active','1'),(1300,212,'GB','T1','Newtownabbey','active','1'),(1303,212,'GB','T2','North Down','active','1'),(1315,212,'GB','T3','Omagh','active','1'),(1359,212,'GB','T4','Strabane','active','1'),(1148,212,'GB','T5','Aberdeen City','active','1'),(1149,212,'GB','T6','Aberdeenshire','active','1'),(1150,212,'GB','T7','Angus','active','1'),(1153,212,'GB','T8','Argyll and Bute','active','1'),(1336,212,'GB','T9','Scottish Borders, The','active','1'),(1193,212,'GB','U1','Clackmannanshire','active','1'),(1214,212,'GB','U2','Dumfries and Galloway','active','1'),(1215,212,'GB','U3','Dundee City','active','1'),(1220,212,'GB','U4','East Ayrshire','active','1'),(1221,212,'GB','U5','East Dunbartonshire','active','1'),(1222,212,'GB','U6','East Lothian','active','1'),(1223,212,'GB','U7','East Renfrewshire','active','1'),(1226,212,'GB','U8','Edinburgh, City of','active','1'),(1230,212,'GB','U9','Falkirk','active','1'),(1232,212,'GB','V1','Fife','active','1'),(1235,212,'GB','V2','Glasgow City','active','1'),(1254,212,'GB','V3','Highland','active','1'),(1258,212,'GB','V4','Inverclyde','active','1'),(1290,212,'GB','V5','Midlothian','active','1'),(1293,212,'GB','V6','Moray','active','1'),(1302,212,'GB','V7','North Ayrshire','active','1'),(1305,212,'GB','V8','North Lanarkshire','active','1'),(1316,212,'GB','V9','Orkney','active','1'),(1319,212,'GB','W1','Perth and Kinross','active','1'),(1328,212,'GB','W2','Renfrewshire','active','1'),(1339,212,'GB','W3','Shetland Islands','active','1'),(1344,212,'GB','W4','South Ayrshire','active','1'),(1347,212,'GB','W5','South Lanarkshire','active','1'),(1355,212,'GB','W6','Stirling','active','1'),(1384,212,'GB','W7','West Dunbartonshire','active','1'),(1227,212,'GB','W8','Eilean Siar','active','1'),(1386,212,'GB','W9','West Lothian','active','1'),(1259,212,'GB','X1','Isle of Anglesey','active','1'),(1170,212,'GB','X2','Blaenau Gwent','active','1'),(1176,212,'GB','X3','Bridgend','active','1'),(1182,212,'GB','X4','Caerphilly','active','1'),(1186,212,'GB','X5','Cardiff','active','1'),(1191,212,'GB','X6','Ceredigion','active','1'),(1187,212,'GB','X7','Carmarthenshire','active','1'),(1197,212,'GB','X8','Conwy','active','1'),(1205,212,'GB','X9','Denbighshire','active','1'),(1233,212,'GB','Y1','Flintshire','active','1'),(1242,212,'GB','Y2','Gwynedd','active','1'),(1286,212,'GB','Y3','Merthyr Tydfil','active','1'),(1292,212,'GB','Y4','Monmouthshire','active','1'),(1295,212,'GB','Y5','Neath Port Talbot','active','1'),(1298,212,'GB','Y6','Newport','active','1'),(1318,212,'GB','Y7','Pembrokeshire','active','1'),(1324,212,'GB','Y8','Powys','active','1'),(1329,212,'GB','Y9','Rhondda Cynon Taff','active','1'),(1365,212,'GB','Z1','Swansea','active','1'),(1372,212,'GB','Z2','Torfaen','active','1'),(1376,212,'GB','Z3','Vale of Glamorgan, The','active','1'),(1398,212,'GB','Z4','Wrexham','active','1'),(1400,81,'GD','01','Saint Andrew','active','1'),(1401,81,'GD','02','Saint David','active','1'),(1402,81,'GD','03','Saint George','active','1'),(1403,81,'GD','04','Saint John','active','1'),(1404,81,'GD','05','Saint Mark','active','1'),(1405,81,'GD','06','Saint Patrick','active','1'),(1406,75,'GE','01','Abashis Raioni','active','1'),(1407,75,'GE','02','Abkhazia','active','1'),(1408,75,'GE','03','Adigenis Raioni','active','1'),(1409,75,'GE','04','Ajaria','active','1'),(1410,75,'GE','05','Akhalgoris Raioni','active','1'),(1411,75,'GE','06','Akhalk\'alak\'is Raioni','active','1'),(1412,75,'GE','07','Akhalts\'ikhis Raioni','active','1'),(1413,75,'GE','08','Akhmetis Raioni','active','1'),(1414,75,'GE','09','Ambrolauris Raioni','active','1'),(1415,75,'GE','10','Aspindzis Raioni','active','1'),(1416,75,'GE','11','Baghdat\'is Raioni','active','1'),(1417,75,'GE','12','Bolnisis Raioni','active','1'),(1418,75,'GE','13','Borjomis Raioni','active','1'),(1421,75,'GE','14','Chiat\'ura','active','1'),(1419,75,'GE','15','Ch\'khorotsqus Raioni','active','1'),(1420,75,'GE','16','Ch\'okhatauris Raioni','active','1'),(1422,75,'GE','17','Dedop\'listsqaros Raioni','active','1'),(1423,75,'GE','18','Dmanisis Raioni','active','1'),(1424,75,'GE','19','Dushet\'is Raioni','active','1'),(1425,75,'GE','20','Gardabanis Raioni','active','1'),(1426,75,'GE','21','Gori','active','1'),(1427,75,'GE','22','Goris Raioni','active','1'),(1428,75,'GE','23','Gurjaanis Raioni','active','1'),(1429,75,'GE','24','Javis Raioni','active','1'),(1430,75,'GE','25','K\'arelis Raioni','active','1'),(1432,75,'GE','26','Kaspis Raioni','active','1'),(1433,75,'GE','27','Kharagaulis Raioni','active','1'),(1434,75,'GE','28','Khashuris Raioni','active','1'),(1435,75,'GE','29','Khobis Raioni','active','1'),(1436,75,'GE','30','Khonis Raioni','active','1'),(1431,75,'GE','31','K\'ut\'aisi','active','1'),(1437,75,'GE','32','Lagodekhis Raioni','active','1'),(1438,75,'GE','33','Lanch\'khut\'is Raioni','active','1'),(1439,75,'GE','34','Lentekhis Raioni','active','1'),(1440,75,'GE','35','Marneulis Raioni','active','1'),(1441,75,'GE','36','Martvilis Raioni','active','1'),(1442,75,'GE','37','Mestiis Raioni','active','1'),(1443,75,'GE','38','Mts\'khet\'is Raioni','active','1'),(1444,75,'GE','39','Ninotsmindis Raioni','active','1'),(1445,75,'GE','40','Onis Raioni','active','1'),(1446,75,'GE','41','Ozurget\'is Raioni','active','1'),(1447,75,'GE','42','P\'ot\'i','active','1'),(1448,75,'GE','43','Qazbegis Raioni','active','1'),(1449,75,'GE','44','Qvarlis Raioni','active','1'),(1450,75,'GE','45','Rust\'avi','active','1'),(1451,75,'GE','46','Sach\'kheris Raioni','active','1'),(1452,75,'GE','47','Sagarejos Raioni','active','1'),(1453,75,'GE','48','Samtrediis Raioni','active','1'),(1454,75,'GE','49','Senakis Raioni','active','1'),(1455,75,'GE','50','Sighnaghis Raioni','active','1'),(1456,75,'GE','51','T\'bilisi','active','1'),(1457,75,'GE','52','T\'elavis Raioni','active','1'),(1458,75,'GE','53','T\'erjolis Raioni','active','1'),(1459,75,'GE','54','T\'et\'ritsqaros Raioni','active','1'),(1460,75,'GE','55','T\'ianet\'is Raioni','active','1'),(1461,75,'GE','56','Tqibuli','active','1'),(1462,75,'GE','57','Ts\'ageris Raioni','active','1'),(1463,75,'GE','58','Tsalenjikhis Raioni','active','1'),(1464,75,'GE','59','Tsalkis Raioni','active','1'),(1465,75,'GE','60','Tsqaltubo','active','1'),(1466,75,'GE','61','Vanis Raioni','active','1'),(1467,75,'GE','62','Zestap\'onis Raioni','active','1'),(1468,75,'GE','63','Zugdidi','active','1'),(1469,75,'GE','64','Zugdidis Raioni','active','1'),(1474,77,'GH','01','Greater Accra','active','1'),(1470,77,'GH','02','Ashanti','active','1'),(1471,77,'GH','03','Brong-Ahafo','active','1'),(1472,77,'GH','04','Central','active','1'),(1473,77,'GH','05','Eastern','active','1'),(1475,77,'GH','06','Northern','active','1'),(1478,77,'GH','08','Volta','active','1'),(1479,77,'GH','09','Western','active','1'),(1476,77,'GH','10','Upper East','active','1'),(1477,77,'GH','11','Upper West','active','1'),(1480,80,'GL','01','Nordgronland','active','1'),(1481,80,'GL','02','Ostgronland','active','1'),(1482,80,'GL','03','Vestgronland','active','1'),(1483,73,'GM','01','Banjul','active','1'),(1485,73,'GM','02','Lower River','active','1'),(1484,73,'GM','03','Central River','active','1'),(1487,73,'GM','04','Upper River','active','1'),(1488,73,'GM','05','Western','active','1'),(1486,73,'GM','07','North Bank','active','1'),(1489,85,'GN','01','Beyla','active','1'),(1490,85,'GN','02','Boffa','active','1'),(1491,85,'GN','03','Boke','active','1'),(1492,85,'GN','04','Conakry','active','1'),(1494,85,'GN','05','Dabola','active','1'),(1495,85,'GN','06','Dalaba','active','1'),(1496,85,'GN','07','Dinguiraye','active','1'),(1498,85,'GN','09','Faranah','active','1'),(1499,85,'GN','10','Forecariah','active','1'),(1500,85,'GN','11','Fria','active','1'),(1501,85,'GN','12','Gaoual','active','1'),(1502,85,'GN','13','Gueckedou','active','1'),(1504,85,'GN','15','Kerouane','active','1'),(1505,85,'GN','16','Kindia','active','1'),(1506,85,'GN','17','Kissidougou','active','1'),(1508,85,'GN','18','Koundara','active','1'),(1509,85,'GN','19','Kouroussa','active','1'),(1513,85,'GN','21','Macenta','active','1'),(1514,85,'GN','22','Mali','active','1'),(1515,85,'GN','23','Mamou','active','1'),(1518,85,'GN','25','Pita','active','1'),(1520,85,'GN','27','Telimele','active','1'),(1521,85,'GN','28','Tougue','active','1'),(1522,85,'GN','29','Yomou','active','1'),(1493,85,'GN','30','Coyah','active','1'),(1497,85,'GN','31','Dubreka','active','1'),(1503,85,'GN','32','Kankan','active','1'),(1507,85,'GN','33','Koubia','active','1'),(1510,85,'GN','34','Labe','active','1'),(1511,85,'GN','35','Lelouma','active','1'),(1512,85,'GN','36','Lola','active','1'),(1516,85,'GN','37','Mandiana','active','1'),(1517,85,'GN','38','Nzerekore','active','1'),(1519,85,'GN','39','Siguiri','active','1'),(1523,62,'GQ','03','Annobon','active','1'),(1524,62,'GQ','04','Bioko Norte','active','1'),(1525,62,'GQ','05','Bioko Sur','active','1'),(1526,62,'GQ','06','Centro Sur','active','1'),(1527,62,'GQ','07','Kie-Ntem','active','1'),(1528,62,'GQ','08','Litoral','active','1'),(1529,62,'GQ','09','Wele-Nzas','active','1'),(1539,79,'GR','01','Evros','active','1'),(1572,79,'GR','02','Rodhopi','active','1'),(1579,79,'GR','03','Xanthi','active','1'),(1537,79,'GR','04','Drama','active','1'),(1574,79,'GR','05','Serrai','active','1'),(1558,79,'GR','06','Kilkis','active','1'),(1568,79,'GR','07','Pella','active','1'),(1541,79,'GR','08','Florina','active','1'),(1550,79,'GR','09','Kastoria','active','1'),(1544,79,'GR','10','Grevena','active','1'),(1560,79,'GR','11','Kozani','active','1'),(1546,79,'GR','12','Imathia','active','1'),(1576,79,'GR','13','Thessaloniki','active','1'),(1551,79,'GR','14','Kavala','active','1'),(1554,79,'GR','15','Khalkidhiki','active','1'),(1569,79,'GR','16','Pieria','active','1'),(1547,79,'GR','17','Ioannina','active','1'),(1575,79,'GR','18','Thesprotia','active','1'),(1570,79,'GR','19','Preveza','active','1'),(1534,79,'GR','20','Arta','active','1'),(1562,79,'GR','21','Larisa','active','1'),(1577,79,'GR','22','Trikala','active','1'),(1549,79,'GR','23','Kardhitsa','active','1'),(1566,79,'GR','24','Magnisia','active','1'),(1553,79,'GR','25','Kerkira','active','1'),(1565,79,'GR','26','Levkas','active','1'),(1552,79,'GR','27','Kefallinia','active','1'),(1580,79,'GR','28','Zakinthos','active','1'),(1543,79,'GR','29','Fthiotis','active','1'),(1538,79,'GR','30','Evritania','active','1'),(1530,79,'GR','31','Aitolia kai Akarnania','active','1'),(1542,79,'GR','32','Fokis','active','1'),(1578,79,'GR','33','Voiotia','active','1'),(1540,79,'GR','34','Evvoia','active','1'),(1535,79,'GR','35','Attiki','active','1'),(1532,79,'GR','36','Argolis','active','1'),(1559,79,'GR','37','Korinthia','active','1'),(1531,79,'GR','38','Akhaia','active','1'),(1545,79,'GR','39','Ilia','active','1'),(1567,79,'GR','40','Messinia','active','1'),(1533,79,'GR','41','Arkadhia','active','1'),(1561,79,'GR','42','Lakonia','active','1'),(1555,79,'GR','43','Khania','active','1'),(1571,79,'GR','44','Rethimni','active','1'),(1548,79,'GR','45','Iraklion','active','1'),(1563,79,'GR','46','Lasithi','active','1'),(1536,79,'GR','47','Dhodhekanisos','active','1'),(1573,79,'GR','48','Samos','active','1'),(1557,79,'GR','49','Kikladhes','active','1'),(1556,79,'GR','50','Khios','active','1'),(1564,79,'GR','51','Lesvos','active','1'),(1581,84,'GT','01','Alta Verapaz','active','1'),(1582,84,'GT','02','Baja Verapaz','active','1'),(1583,84,'GT','03','Chimaltenango','active','1'),(1584,84,'GT','04','Chiquimula','active','1'),(1585,84,'GT','05','El Progreso','active','1'),(1586,84,'GT','06','Escuintla','active','1'),(1587,84,'GT','07','Guatemala','active','1'),(1588,84,'GT','08','Huehuetenango','active','1'),(1589,84,'GT','09','Izabal','active','1'),(1590,84,'GT','10','Jalapa','active','1'),(1591,84,'GT','11','Jutiapa','active','1'),(1592,84,'GT','12','Peten','active','1'),(1593,84,'GT','13','Quetzaltenango','active','1'),(1594,84,'GT','14','Quiche','active','1'),(1595,84,'GT','15','Retalhuleu','active','1'),(1596,84,'GT','16','Sacatepequez','active','1'),(1597,84,'GT','17','San Marcos','active','1'),(1598,84,'GT','18','Santa Rosa','active','1'),(1599,84,'GT','19','Solola','active','1'),(1600,84,'GT','20','Suchitepequez','active','1'),(1601,84,'GT','21','Totonicapan','active','1'),(1602,84,'GT','22','Zacapa','active','1'),(1603,86,'GW','01','Bafata','active','1'),(1610,86,'GW','02','Quinara','active','1'),(1609,86,'GW','04','Oio','active','1'),(1606,86,'GW','05','Bolama','active','1'),(1607,86,'GW','06','Cacheu','active','1'),(1611,86,'GW','07','Tombali','active','1'),(1608,86,'GW','10','Gabu','active','1'),(1605,86,'GW','11','Bissau','active','1'),(1604,86,'GW','12','Biombo','active','1'),(1612,87,'GY','10','Barima-Waini','active','1'),(1613,87,'GY','11','Cuyuni-Mazaruni','active','1'),(1614,87,'GY','12','Demerara-Mahaica','active','1'),(1615,87,'GY','13','East Berbice-Corentyne','active','1'),(1616,87,'GY','14','Essequibo Islands-West Demerara','active','1'),(1617,87,'GY','15','Mahaica-Berbice','active','1'),(1618,87,'GY','16','Pomeroon-Supenaam','active','1'),(1619,87,'GY','17','Potaro-Siparuni','active','1'),(1620,87,'GY','18','Upper Demerara-Berbice','active','1'),(1621,87,'GY','19','Upper Takutu-Upper Essequibo','active','1'),(1622,90,'HN','01','Atlantida','active','1'),(1623,90,'HN','02','Choluteca','active','1'),(1624,90,'HN','03','Colon','active','1'),(1625,90,'HN','04','Comayagua','active','1'),(1626,90,'HN','05','Copan','active','1'),(1627,90,'HN','06','Cortes','active','1'),(1628,90,'HN','07','El Paraiso','active','1'),(1629,90,'HN','08','Francisco Morazan','active','1'),(1630,90,'HN','09','Gracias a Dios','active','1'),(1631,90,'HN','10','Intibuca','active','1'),(1632,90,'HN','11','Islas de la Bahia','active','1'),(1633,90,'HN','12','La Paz','active','1'),(1634,90,'HN','13','Lempira','active','1'),(1635,90,'HN','14','Ocotepeque','active','1'),(1636,90,'HN','15','Olancho','active','1'),(1637,90,'HN','16','Santa Barbara','active','1'),(1638,90,'HN','17','Valle','active','1'),(1639,90,'HN','18','Yoro','active','1'),(1640,51,'HR','01','Bjelovarsko-Bilogorska','active','1'),(1641,51,'HR','02','Brodsko-Posavska','active','1'),(1642,51,'HR','03','Dubrovacko-Neretvanska','active','1'),(1644,51,'HR','04','Istarska','active','1'),(1645,51,'HR','05','Karlovacka','active','1'),(1646,51,'HR','06','Koprivnicko-Krizevacka','active','1'),(1647,51,'HR','07','Krapinsko-Zagorska','active','1'),(1648,51,'HR','08','Licko-Senjska','active','1'),(1649,51,'HR','09','Medimurska','active','1'),(1650,51,'HR','10','Osjecko-Baranjska','active','1'),(1651,51,'HR','11','Pozesko-Slavonska','active','1'),(1652,51,'HR','12','Primorsko-Goranska','active','1'),(1653,51,'HR','13','Sibensko-Kninska','active','1'),(1654,51,'HR','14','Sisacko-Moslavacka','active','1'),(1655,51,'HR','15','Splitsko-Dalmatinska','active','1'),(1656,51,'HR','16','Varazdinska','active','1'),(1657,51,'HR','17','Viroviticko-Podravska','active','1'),(1658,51,'HR','18','Vukovarsko-Srijemska','active','1'),(1659,51,'HR','19','Zadarska','active','1'),(1660,51,'HR','20','Zagrebacka','active','1'),(1643,51,'HR','21','Grad Zagreb','active','1'),(1667,88,'HT','03','Nord-Ouest','active','1'),(1661,88,'HT','06','Artibonite','active','1'),(1662,88,'HT','07','Centre','active','1'),(1665,88,'HT','09','Nord','active','1'),(1666,88,'HT','10','Nord-Est','active','1'),(1668,88,'HT','11','Ouest','active','1'),(1669,88,'HT','12','Sud','active','1'),(1670,88,'HT','13','Sud-Est','active','1'),(1663,88,'HT','14','Grand\' Anse','active','1'),(1664,88,'HT','15','Nippes','active','1'),(1671,92,'HU','01','Bacs-Kiskun','active','1'),(1672,92,'HU','02','Baranya','active','1'),(1673,92,'HU','03','Bekes','active','1'),(1675,92,'HU','04','Borsod-Abauj-Zemplen','active','1'),(1676,92,'HU','05','Budapest','active','1'),(1677,92,'HU','06','Csongrad','active','1'),(1678,92,'HU','07','Debrecen','active','1'),(1681,92,'HU','08','Fejer','active','1'),(1683,92,'HU','09','Gyor-Moson-Sopron','active','1'),(1684,92,'HU','10','Hajdu-Bihar','active','1'),(1685,92,'HU','11','Heves','active','1'),(1690,92,'HU','12','Komarom-Esztergom','active','1'),(1691,92,'HU','13','Miskolc','active','1'),(1693,92,'HU','14','Nograd','active','1'),(1695,92,'HU','15','Pecs','active','1'),(1696,92,'HU','16','Pest','active','1'),(1698,92,'HU','17','Somogy','active','1'),(1700,92,'HU','18','Szabolcs-Szatmar-Bereg','active','1'),(1701,92,'HU','19','Szeged','active','1'),(1687,92,'HU','20','Jasz-Nagykun-Szolnok','active','1'),(1707,92,'HU','21','Tolna','active','1'),(1708,92,'HU','22','Vas','active','1'),(1709,92,'HU','23','Veszprem','active','1'),(1711,92,'HU','24','Zala','active','1'),(1682,92,'HU','25','Gyor','active','1'),(1674,92,'HU','26','Bekescsaba','active','1'),(1679,92,'HU','27','Dunaujvaros','active','1'),(1680,92,'HU','28','Eger','active','1'),(1686,92,'HU','29','Hodmezovasarhely','active','1'),(1688,92,'HU','30','Kaposvar','active','1'),(1689,92,'HU','31','Kecskemet','active','1'),(1692,92,'HU','32','Nagykanizsa','active','1'),(1694,92,'HU','33','Nyiregyhaza','active','1'),(1699,92,'HU','34','Sopron','active','1'),(1702,92,'HU','35','Szekesfehervar','active','1'),(1704,92,'HU','36','Szolnok','active','1'),(1705,92,'HU','37','Szombathely','active','1'),(1706,92,'HU','38','Tatabanya','active','1'),(1710,92,'HU','39','Veszprem','active','1'),(1712,92,'HU','40','Zalaegerszeg','active','1'),(1697,92,'HU','41','Salgotarjan','active','1'),(1703,92,'HU','42','Szekszard','active','1'),(1713,95,'ID','01','Aceh','active','1'),(1714,95,'ID','02','Bali','active','1'),(1716,95,'ID','03','Bengkulu','active','1'),(1719,95,'ID','04','Jakarta Raya','active','1'),(1720,95,'ID','05','Jambi','active','1'),(1721,95,'ID','06','Jawa Barat','active','1'),(1723,95,'ID','07','Jawa Tengah','active','1'),(1724,95,'ID','08','Jawa Timur','active','1'),(1738,95,'ID','09','Papua','active','1'),(1752,95,'ID','10','Yogyakarta','active','1'),(1725,95,'ID','11','Kalimantan Barat','active','1'),(1726,95,'ID','12','Kalimantan Selatan','active','1'),(1727,95,'ID','13','Kalimantan Tengah','active','1'),(1728,95,'ID','14','Kalimantan Timur','active','1'),(1731,95,'ID','15','Lampung','active','1'),(1732,95,'ID','16','Maluku','active','1'),(1735,95,'ID','17','Nusa Tenggara Barat','active','1'),(1736,95,'ID','18','Nusa Tenggara Timur','active','1'),(1740,95,'ID','19','Riau','active','1'),(1743,95,'ID','20','Sulawesi Selatan','active','1'),(1744,95,'ID','21','Sulawesi Tengah','active','1'),(1745,95,'ID','22','Sulawesi Tenggara','active','1'),(1746,95,'ID','23','Sulawesi Utara','active','1'),(1748,95,'ID','24','Sumatera Barat','active','1'),(1750,95,'ID','25','Sumatera Selatan','active','1'),(1751,95,'ID','26','Sumatera Utara','active','1'),(1733,95,'ID','28','Maluku','active','1'),(1734,95,'ID','29','Maluku Utara','active','1'),(1722,95,'ID','30','Jawa Barat','active','1'),(1747,95,'ID','31','Sulawesi Utara','active','1'),(1749,95,'ID','32','Sumatera Selatan','active','1'),(1715,95,'ID','33','Banten','active','1'),(1717,95,'ID','34','Gorontalo','active','1'),(1729,95,'ID','35','Kepulauan Bangka Belitung','active','1'),(1737,95,'ID','36','Papua','active','1'),(1739,95,'ID','37','Riau','active','1'),(1742,95,'ID','38','Sulawesi Selatan','active','1'),(1718,95,'ID','39','Irian Jaya Barat','active','1'),(1730,95,'ID','40','Kepulauan Riau','active','1'),(1741,95,'ID','41','Sulawesi Barat','active','1'),(1753,98,'IE','01','Carlow','active','1'),(1754,98,'IE','02','Cavan','active','1'),(1755,98,'IE','03','Clare','active','1'),(1756,98,'IE','04','Cork','active','1'),(1757,98,'IE','06','Donegal','active','1'),(1758,98,'IE','07','Dublin','active','1'),(1759,98,'IE','10','Galway','active','1'),(1760,98,'IE','11','Kerry','active','1'),(1761,98,'IE','12','Kildare','active','1'),(1762,98,'IE','13','Kilkenny','active','1'),(1764,98,'IE','14','Leitrim','active','1'),(1763,98,'IE','15','Laois','active','1'),(1765,98,'IE','16','Limerick','active','1'),(1766,98,'IE','18','Longford','active','1'),(1767,98,'IE','19','Louth','active','1'),(1768,98,'IE','20','Mayo','active','1'),(1769,98,'IE','21','Meath','active','1'),(1770,98,'IE','22','Monaghan','active','1'),(1771,98,'IE','23','Offaly','active','1'),(1772,98,'IE','24','Roscommon','active','1'),(1773,98,'IE','25','Sligo','active','1'),(1774,98,'IE','26','Tipperary','active','1'),(1775,98,'IE','27','Waterford','active','1'),(1776,98,'IE','29','Westmeath','active','1'),(1777,98,'IE','30','Wexford','active','1'),(1778,98,'IE','31','Wicklow','active','1'),(1779,99,'IL','01','HaDarom','active','1'),(1780,99,'IL','02','HaMerkaz','active','1'),(1781,99,'IL','03','HaZafon','active','1'),(1782,99,'IL','04','Hefa','active','1'),(1783,99,'IL','05','Tel Aviv','active','1'),(1784,99,'IL','06','Yerushalayim','active','1'),(1785,94,'IN','01','Andaman and Nicobar Islands','active','1'),(1786,94,'IN','02','Andhra Pradesh','active','1'),(1788,94,'IN','03','Assam','active','1'),(1790,94,'IN','05','Chandigarh','active','1'),(1792,94,'IN','06','Dadra and Nagar Haveli','active','1'),(1794,94,'IN','07','Delhi','active','1'),(1796,94,'IN','09','Gujarat','active','1'),(1797,94,'IN','10','Haryana','active','1'),(1798,94,'IN','11','Himachal Pradesh','active','1'),(1799,94,'IN','12','Jammu and Kashmir','active','1'),(1802,94,'IN','13','Kerala','active','1'),(1803,94,'IN','14','Lakshadweep','active','1'),(1805,94,'IN','16','Maharashtra','active','1'),(1806,94,'IN','17','Manipur','active','1'),(1807,94,'IN','18','Meghalaya','active','1'),(1801,94,'IN','19','Karnataka','active','1'),(1809,94,'IN','20','Nagaland','active','1'),(1810,94,'IN','21','Orissa','active','1'),(1811,94,'IN','22','Puducherry','active','1'),(1812,94,'IN','23','Punjab','active','1'),(1813,94,'IN','24','Rajasthan','active','1'),(1815,94,'IN','25','Tamil Nadu','active','1'),(1816,94,'IN','26','Tripura','active','1'),(1819,94,'IN','28','West Bengal','active','1'),(1814,94,'IN','29','Sikkim','active','1'),(1787,94,'IN','30','Arunachal Pradesh','active','1'),(1808,94,'IN','31','Mizoram','active','1'),(1793,94,'IN','32','Daman and Diu','active','1'),(1795,94,'IN','33','Goa','active','1'),(1789,94,'IN','34','Bihar','active','1'),(1804,94,'IN','35','Madhya Pradesh','active','1'),(1817,94,'IN','36','Uttar Pradesh','active','1'),(1791,94,'IN','37','Chhattisgarh','active','1'),(1800,94,'IN','38','Jharkhand','active','1'),(1818,94,'IN','39','Uttarakhand','active','1'),(1820,97,'IQ','01','Al Anbar','active','1'),(1821,97,'IQ','02','Al Basrah','active','1'),(1822,97,'IQ','03','Al Muthanna','active','1'),(1823,97,'IQ','04','Al Qadisiyah','active','1'),(1826,97,'IQ','05','As Sulaymaniyah','active','1'),(1828,97,'IQ','06','Babil','active','1'),(1829,97,'IQ','07','Baghdad','active','1'),(1830,97,'IQ','08','Dahuk','active','1'),(1831,97,'IQ','09','Dhi Qar','active','1'),(1832,97,'IQ','10','Diyala','active','1'),(1825,97,'IQ','11','Arbil','active','1'),(1833,97,'IQ','12','Karbala\'','active','1'),(1827,97,'IQ','13','At Ta\'mim','active','1'),(1834,97,'IQ','14','Maysan','active','1'),(1835,97,'IQ','15','Ninawa','active','1'),(1837,97,'IQ','16','Wasit','active','1'),(1824,97,'IQ','17','An Najaf','active','1'),(1836,97,'IQ','18','Salah ad Din','active','1'),(1839,96,'IR','01','Azarbayjan-e Bakhtari','active','1'),(1840,96,'IR','02','Azarbayjan-e Khavari','active','1'),(1843,96,'IR','03','Chahar Mahall va Bakhtiari','active','1'),(1871,96,'IR','04','Sistan va Baluchestan','active','1'),(1859,96,'IR','05','Kohkiluyeh va Buyer Ahmadi','active','1'),(1846,96,'IR','07','Fars','active','1'),(1847,96,'IR','08','Gilan','active','1'),(1849,96,'IR','09','Hamadan','active','1'),(1851,96,'IR','10','Ilam','active','1'),(1850,96,'IR','11','Hormozgan','active','1'),(1852,96,'IR','12','Kerman','active','1'),(1841,96,'IR','13','Bakhtaran','active','1'),(1858,96,'IR','15','Khuzestan','active','1'),(1860,96,'IR','16','Kordestan','active','1'),(1866,96,'IR','17','Mazandaran','active','1'),(1870,96,'IR','18','Semnn Province','active','1'),(1863,96,'IR','19','Markazi','active','1'),(1876,96,'IR','21','Zanjan','active','1'),(1842,96,'IR','22','Bushehr','active','1'),(1861,96,'IR','23','Lorestan','active','1'),(1864,96,'IR','24','Markazi','active','1'),(1869,96,'IR','25','Semnan','active','1'),(1872,96,'IR','26','Tehran','active','1'),(1877,96,'IR','27','Zanjan','active','1'),(1845,96,'IR','28','Esfahan','active','1'),(1853,96,'IR','29','Kerman','active','1'),(1854,96,'IR','30','Khorasan','active','1'),(1874,96,'IR','31','Yazd','active','1'),(1838,96,'IR','32','Ardabil','active','1'),(1844,96,'IR','33','East Azarbaijan','active','1'),(1862,96,'IR','34','Markazi','active','1'),(1865,96,'IR','35','Mazandaran','active','1'),(1875,96,'IR','36','Zanjan','active','1'),(1848,96,'IR','37','Golestan','active','1'),(1867,96,'IR','38','Qazvin','active','1'),(1868,96,'IR','39','Qom','active','1'),(1873,96,'IR','40','Yazd','active','1'),(1855,96,'IR','41','Khorasan-e Janubi','active','1'),(1856,96,'IR','42','Khorasan-e Razavi','active','1'),(1857,96,'IR','43','Khorasan-e Shemali','active','1'),(1878,93,'IS','03','Arnessysla','active','1'),(1879,93,'IS','05','Austur-Hunavatnssysla','active','1'),(1880,93,'IS','06','Austur-Skaftafellssysla','active','1'),(1881,93,'IS','07','Borgarfjardarsysla','active','1'),(1882,93,'IS','09','Eyjafjardarsysla','active','1'),(1883,93,'IS','10','Gullbringusysla','active','1'),(1884,93,'IS','15','Kjosarsysla','active','1'),(1885,93,'IS','17','Myrasysla','active','1'),(1886,93,'IS','20','Nordur-Mulasysla','active','1'),(1887,93,'IS','21','Nordur-Tingeyjarsysla','active','1'),(1890,93,'IS','23','Rangarvallasysla','active','1'),(1891,93,'IS','28','Skagafjardarsysla','active','1'),(1892,93,'IS','29','Snafellsnes- og Hnappadalssysla','active','1'),(1893,93,'IS','31','Sudur-Mulasysla','active','1'),(1894,93,'IS','32','Sudur-Tingeyjarsysla','active','1'),(1898,93,'IS','34','Vestur-Bardastrandarsysla','active','1'),(1899,93,'IS','35','Vestur-Hunavatnssysla','active','1'),(1900,93,'IS','36','Vestur-Isafjardarsysla','active','1'),(1901,93,'IS','37','Vestur-Skaftafellssysla','active','1'),(1888,93,'IS','40','Norourland Eystra','active','1'),(1889,93,'IS','41','Norourland Vestra','active','1'),(1895,93,'IS','42','Suourland','active','1'),(1896,93,'IS','43','Suournes','active','1'),(1897,93,'IS','44','Vestfiroir','active','1'),(1902,93,'IS','45','Vesturland','active','1'),(1903,100,'IT','01','Abruzzi','active','1'),(1904,100,'IT','02','Basilicata','active','1'),(1905,100,'IT','03','Calabria','active','1'),(1906,100,'IT','04','Campania','active','1'),(1907,100,'IT','05','Emilia-Romagna','active','1'),(1908,100,'IT','06','Friuli-Venezia Giulia','active','1'),(1909,100,'IT','07','Lazio','active','1'),(1910,100,'IT','08','Liguria','active','1'),(1911,100,'IT','09','Lombardia','active','1'),(1912,100,'IT','10','Marche','active','1'),(1913,100,'IT','11','Molise','active','1'),(1914,100,'IT','12','Piemonte','active','1'),(1915,100,'IT','13','Puglia','active','1'),(1916,100,'IT','14','Sardegna','active','1'),(1917,100,'IT','15','Sicilia','active','1'),(1918,100,'IT','16','Toscana','active','1'),(1919,100,'IT','17','Trentino-Alto Adige','active','1'),(1920,100,'IT','18','Umbria','active','1'),(1921,100,'IT','19','Valle d\'Aosta','active','1'),(1922,100,'IT','20','Veneto','active','1'),(1923,102,'JM','01','Clarendon','active','1'),(1924,102,'JM','02','Hanover','active','1'),(1926,102,'JM','04','Manchester','active','1'),(1927,102,'JM','07','Portland','active','1'),(1928,102,'JM','08','Saint Andrew','active','1'),(1929,102,'JM','09','Saint Ann','active','1'),(1930,102,'JM','10','Saint Catherine','active','1'),(1931,102,'JM','11','Saint Elizabeth','active','1'),(1932,102,'JM','12','Saint James','active','1'),(1933,102,'JM','13','Saint Mary','active','1'),(1934,102,'JM','14','Saint Thomas','active','1'),(1935,102,'JM','15','Trelawny','active','1'),(1936,102,'JM','16','Westmoreland','active','1'),(1925,102,'JM','17','Kingston','active','1'),(1937,104,'JO','02','Al Balqa\'','active','1'),(1945,104,'JO','07','Ma','active','1'),(1938,104,'JO','09','Al Karak','active','1'),(1939,104,'JO','10','Al Mafraq','active','1'),(1941,104,'JO','11','Amman Governorate','active','1'),(1942,104,'JO','12','At Tafilah','active','1'),(1943,104,'JO','13','Az Zarqa','active','1'),(1944,104,'JO','14','Irbid','active','1'),(1940,104,'JO','16','Amman','active','1'),(1946,103,'JP','01','Aichi','active','1'),(1947,103,'JP','02','Akita','active','1'),(1948,103,'JP','03','Aomori','active','1'),(1949,103,'JP','04','Chiba','active','1'),(1950,103,'JP','05','Ehime','active','1'),(1951,103,'JP','06','Fukui','active','1'),(1952,103,'JP','07','Fukuoka','active','1'),(1953,103,'JP','08','Fukushima','active','1'),(1954,103,'JP','09','Gifu','active','1'),(1955,103,'JP','10','Gumma','active','1'),(1956,103,'JP','11','Hiroshima','active','1'),(1957,103,'JP','12','Hokkaido','active','1'),(1958,103,'JP','13','Hyogo','active','1'),(1959,103,'JP','14','Ibaraki','active','1'),(1960,103,'JP','15','Ishikawa','active','1'),(1961,103,'JP','16','Iwate','active','1'),(1962,103,'JP','17','Kagawa','active','1'),(1963,103,'JP','18','Kagoshima','active','1'),(1964,103,'JP','19','Kanagawa','active','1'),(1965,103,'JP','20','Kochi','active','1'),(1966,103,'JP','21','Kumamoto','active','1'),(1967,103,'JP','22','Kyoto','active','1'),(1968,103,'JP','23','Mie','active','1'),(1969,103,'JP','24','Miyagi','active','1'),(1970,103,'JP','25','Miyazaki','active','1'),(1971,103,'JP','26','Nagano','active','1'),(1972,103,'JP','27','Nagasaki','active','1'),(1973,103,'JP','28','Nara','active','1'),(1974,103,'JP','29','Niigata','active','1'),(1975,103,'JP','30','Oita','active','1'),(1976,103,'JP','31','Okayama','active','1'),(1978,103,'JP','32','Osaka','active','1'),(1979,103,'JP','33','Saga','active','1'),(1980,103,'JP','34','Saitama','active','1'),(1981,103,'JP','35','Shiga','active','1'),(1982,103,'JP','36','Shimane','active','1'),(1983,103,'JP','37','Shizuoka','active','1'),(1984,103,'JP','38','Tochigi','active','1'),(1985,103,'JP','39','Tokushima','active','1'),(1986,103,'JP','40','Tokyo','active','1'),(1987,103,'JP','41','Tottori','active','1'),(1988,103,'JP','42','Toyama','active','1'),(1989,103,'JP','43','Wakayama','active','1'),(1990,103,'JP','44','Yamagata','active','1'),(1991,103,'JP','45','Yamaguchi','active','1'),(1992,103,'JP','46','Yamanashi','active','1'),(1977,103,'JP','47','Okinawa','active','1'),(1993,106,'KE','01','Central','active','1'),(1994,106,'KE','02','Coast','active','1'),(1995,106,'KE','03','Eastern','active','1'),(1996,106,'KE','05','Nairobi Area','active','1'),(1997,106,'KE','06','North-Eastern','active','1'),(1998,106,'KE','07','Nyanza','active','1'),(1999,106,'KE','08','Rift Valley','active','1'),(2000,106,'KE','09','Western','active','1'),(2002,109,'KG','01','Bishkek','active','1'),(2003,109,'KG','02','Chuy','active','1'),(2004,109,'KG','03','Jalal-Abad','active','1'),(2005,109,'KG','04','Naryn','active','1'),(2007,109,'KG','05','Osh','active','1'),(2008,109,'KG','06','Talas','active','1'),(2009,109,'KG','07','Ysyk-Kol','active','1'),(2006,109,'KG','08','Osh','active','1'),(2001,109,'KG','09','Batken','active','1'),(2011,36,'KH','02','Kampong Cham','active','1'),(2012,36,'KH','03','Kampong Chhnang','active','1'),(2013,36,'KH','04','Kampong Spoe','active','1'),(2014,36,'KH','05','Kampong Thum','active','1'),(2015,36,'KH','06','Kampot','active','1'),(2016,36,'KH','07','Kandal','active','1'),(2017,36,'KH','08','Kaoh Kong','active','1'),(2018,36,'KH','09','Kracheh','active','1'),(2019,36,'KH','10','Mondol Kiri','active','1'),(2021,36,'KH','11','Phnum Penh','active','1'),(2022,36,'KH','12','Pouthisat','active','1'),(2023,36,'KH','13','Preah Vihear','active','1'),(2024,36,'KH','14','Prey Veng','active','1'),(2025,36,'KH','15','Rotanokiri','active','1'),(2026,36,'KH','16','Siemreab-Otdar Meanchey','active','1'),(2027,36,'KH','17','Stoeng Treng','active','1'),(2028,36,'KH','18','Svay Rieng','active','1'),(2029,36,'KH','19','Takev','active','1'),(2010,36,'KH','29','Batdambang','active','1'),(2020,36,'KH','30','Pailin','active','1'),(2030,107,'KI','01','Gilbert Islands','active','1'),(2031,107,'KI','02','Line Islands','active','1'),(2032,107,'KI','03','Phoenix Islands','active','1'),(2033,45,'KM','01','Anjouan','active','1'),(2034,45,'KM','02','Grande Comore','active','1'),(2035,45,'KM','03','Moheli','active','1'),(2036,170,'KN','01','Christ Church Nichola Town','active','1'),(2037,170,'KN','02','Saint Anne Sandy Point','active','1'),(2038,170,'KN','03','Saint George Basseterre','active','1'),(2039,170,'KN','04','Saint George Gingerland','active','1'),(2040,170,'KN','05','Saint James Windward','active','1'),(2041,170,'KN','06','Saint John Capisterre','active','1'),(2042,170,'KN','07','Saint John Figtree','active','1'),(2043,170,'KN','08','Saint Mary Cayon','active','1'),(2044,170,'KN','09','Saint Paul Capisterre','active','1'),(2045,170,'KN','10','Saint Paul Charlestown','active','1'),(2046,170,'KN','11','Saint Peter Basseterre','active','1'),(2047,170,'KN','12','Saint Thomas Lowland','active','1'),(2048,170,'KN','13','Saint Thomas Middle Island','active','1'),(2049,170,'KN','15','Trinity Palmetto Point','active','1'),(2050,188,'KP','01','Chagang-do','active','1'),(2052,188,'KP','03','Hamgyong-namdo','active','1'),(2054,188,'KP','06','Hwanghae-namdo','active','1'),(2053,188,'KP','07','Hwanghae-bukto','active','1'),(2055,188,'KP','08','Kaesong-si','active','1'),(2056,188,'KP','09','Kangwon-do','active','1'),(2059,188,'KP','11','P\'yongan-bukto','active','1'),(2061,188,'KP','12','P\'yongyang-si','active','1'),(2062,188,'KP','13','Yanggang-do','active','1'),(2058,188,'KP','14','Namp\'o-si','active','1'),(2060,188,'KP','15','P\'yongan-namdo','active','1'),(2051,188,'KP','17','Hamgyong-bukto','active','1'),(2057,188,'KP','18','Najin Sonbong-si','active','1'),(2065,150,'KR','01','Cheju-do','active','1'),(2066,150,'KR','03','Cholla-bukto','active','1'),(2063,150,'KR','05','Ch\'ungch\'ong-bukto','active','1'),(2069,150,'KR','06','Kangwon-do','active','1'),(2074,150,'KR','10','Pusan-jikhalsi','active','1'),(2075,150,'KR','11','Seoul-t\'ukpyolsi','active','1'),(2068,150,'KR','12','Inch\'on-jikhalsi','active','1'),(2071,150,'KR','13','Kyonggi-do','active','1'),(2072,150,'KR','14','Kyongsang-bukto','active','1'),(2076,150,'KR','15','Taegu-jikhalsi','active','1'),(2067,150,'KR','16','Cholla-namdo','active','1'),(2064,150,'KR','17','Ch\'ungch\'ong-namdo','active','1'),(2070,150,'KR','18','Kwangju-jikhalsi','active','1'),(2077,150,'KR','19','Taejon-jikhalsi','active','1'),(2073,150,'KR','20','Kyongsang-namdo','active','1'),(2078,150,'KR','21','Ulsan-gwangyoksi','active','1'),(2079,108,'KW','01','Al Ahmadi','active','1'),(2082,108,'KW','02','Al Kuwayt','active','1'),(2081,108,'KW','05','Al Jahra','active','1'),(2080,108,'KW','07','Al Farwaniyah','active','1'),(2083,108,'KW','08','Hawalli','active','1'),(2084,108,'KW','09','Mubarak al Kabir','active','1'),(2085,230,'KY','01','Creek','active','1'),(2086,230,'KY','02','Eastern','active','1'),(2087,230,'KY','03','Midland','active','1'),(2088,230,'KY','04','South Town','active','1'),(2089,230,'KY','05','Spot Bay','active','1'),(2090,230,'KY','06','Stake Bay','active','1'),(2091,230,'KY','07','West End','active','1'),(2092,230,'KY','08','Western','active','1'),(2093,105,'KZ','01','Almaty','active','1'),(2094,105,'KZ','02','Almaty City','active','1'),(2095,105,'KZ','03','Aqmola','active','1'),(2096,105,'KZ','04','Aqtobe','active','1'),(2097,105,'KZ','05','Astana','active','1'),(2098,105,'KZ','06','Atyrau','active','1'),(2108,105,'KZ','07','West Kazakhstan','active','1'),(2099,105,'KZ','08','Bayqonyr','active','1'),(2101,105,'KZ','09','Mangghystau','active','1'),(2107,105,'KZ','10','South Kazakhstan','active','1'),(2103,105,'KZ','11','Pavlodar','active','1'),(2104,105,'KZ','12','Qaraghandy','active','1'),(2105,105,'KZ','13','Qostanay','active','1'),(2106,105,'KZ','14','Qyzylorda','active','1'),(2100,105,'KZ','15','East Kazakhstan','active','1'),(2102,105,'KZ','16','North Kazakhstan','active','1'),(2109,105,'KZ','17','Zhambyl','active','1'),(2110,110,'LA','01','Attapu','active','1'),(2111,110,'LA','02','Champasak','active','1'),(2112,110,'LA','03','Houaphan','active','1'),(2113,110,'LA','04','Khammouan','active','1'),(2114,110,'LA','05','Louang Namtha','active','1'),(2116,110,'LA','07','Oudomxai','active','1'),(2117,110,'LA','08','Phongsali','active','1'),(2118,110,'LA','09','Saravan','active','1'),(2119,110,'LA','10','Savannakhet','active','1'),(2120,110,'LA','11','Vientiane','active','1'),(2121,110,'LA','13','Xaignabouri','active','1'),(2122,110,'LA','14','Xiangkhoang','active','1'),(2115,110,'LA','17','Louangphrabang','active','1'),(2125,112,'LB','01','Beqaa','active','1'),(2128,112,'LB','03','Liban-Nord','active','1'),(2127,112,'LB','04','Beyrouth','active','1'),(2131,112,'LB','05','Mont-Liban','active','1'),(2130,112,'LB','06','Liban-Sud','active','1'),(2132,112,'LB','07','Nabatiye','active','1'),(2126,112,'LB','08','Beqaa','active','1'),(2129,112,'LB','09','Liban-Nord','active','1'),(2123,112,'LB','10','Aakk,r','active','1'),(2124,112,'LB','11','Baalbek-Hermel','active','1'),(2133,171,'LC','01','Anse-la-Raye','active','1'),(2136,171,'LC','02','Dauphin','active','1'),(2134,171,'LC','03','Castries','active','1'),(2135,171,'LC','04','Choiseul','active','1'),(2137,171,'LC','05','Dennery','active','1'),(2138,171,'LC','06','Gros-Islet','active','1'),(2139,171,'LC','07','Laborie','active','1'),(2140,171,'LC','08','Micoud','active','1'),(2142,171,'LC','09','Soufriere','active','1'),(2143,171,'LC','10','Vieux-Fort','active','1'),(2141,171,'LC','11','Praslin','active','1'),(2144,116,'LI','01','Balzers','active','1'),(2145,116,'LI','02','Eschen','active','1'),(2146,116,'LI','03','Gamprin','active','1'),(2148,116,'LI','04','Mauren','active','1'),(2149,116,'LI','05','Planken','active','1'),(2151,116,'LI','06','Ruggell','active','1'),(2152,116,'LI','07','Schaan','active','1'),(2153,116,'LI','08','Schellenberg','active','1'),(2154,116,'LI','09','Triesen','active','1'),(2155,116,'LI','10','Triesenberg','active','1'),(2156,116,'LI','11','Vaduz','active','1'),(2147,116,'LI','21','Gbarpolu','active','1'),(2150,116,'LI','22','River Gee','active','1'),(2157,190,'LK','01','Amparai','active','1'),(2158,190,'LK','02','Anuradhapura','active','1'),(2159,190,'LK','03','Badulla','active','1'),(2160,190,'LK','04','Batticaloa','active','1'),(2163,190,'LK','06','Galle','active','1'),(2165,190,'LK','07','Hambantota','active','1'),(2167,190,'LK','09','Kalutara','active','1'),(2168,190,'LK','10','Kandy','active','1'),(2169,190,'LK','11','Kegalla','active','1'),(2170,190,'LK','12','Kurunegala','active','1'),(2172,190,'LK','14','Matale','active','1'),(2173,190,'LK','15','Matara','active','1'),(2174,190,'LK','16','Moneragala','active','1'),(2179,190,'LK','17','Nuwara Eliya','active','1'),(2180,190,'LK','18','Polonnaruwa','active','1'),(2181,190,'LK','19','Puttalam','active','1'),(2182,190,'LK','20','Ratnapura','active','1'),(2185,190,'LK','21','Trincomalee','active','1'),(2162,190,'LK','23','Colombo','active','1'),(2164,190,'LK','24','Gampaha','active','1'),(2166,190,'LK','25','Jaffna','active','1'),(2171,190,'LK','26','Mannar','active','1'),(2175,190,'LK','27','Mullaittivu','active','1'),(2187,190,'LK','28','Vavuniya','active','1'),(2161,190,'LK','29','Central','active','1'),(2176,190,'LK','30','North Central','active','1'),(2178,190,'LK','31','Northern','active','1'),(2177,190,'LK','32','North Western','active','1'),(2183,190,'LK','33','Sabaragamuwa','active','1'),(2184,190,'LK','34','Southern','active','1'),(2186,190,'LK','35','Uva','active','1'),(2188,190,'LK','36','Western','active','1'),(2189,114,'LR','01','Bong','active','1'),(2191,114,'LR','04','Grand Cape Mount','active','1'),(2194,114,'LR','06','Maryland','active','1'),(2195,114,'LR','07','Monrovia','active','1'),(2197,114,'LR','09','Nimba','active','1'),(2198,114,'LR','10','Sino','active','1'),(2190,114,'LR','11','Grand Bassa','active','1'),(2196,114,'LR','14','Montserrado','active','1'),(2192,114,'LR','19','Grand Gedeh','active','1'),(2193,114,'LR','20','Lofa','active','1'),(2199,113,'LS','10','Berea','active','1'),(2200,113,'LS','11','Butha-Buthe','active','1'),(2201,113,'LS','12','Leribe','active','1'),(2202,113,'LS','13','Mafeteng','active','1'),(2203,113,'LS','14','Maseru','active','1'),(2204,113,'LS','15','Mohales Hoek','active','1'),(2205,113,'LS','16','Mokhotlong','active','1'),(2206,113,'LS','17','Qachas Nek','active','1'),(2207,113,'LS','18','Quthing','active','1'),(2208,113,'LS','19','Thaba-Tseka','active','1'),(2209,117,'LT','56','Alytaus Apskritis','active','1'),(2210,117,'LT','57','Kauno Apskritis','active','1'),(2211,117,'LT','58','Klaipedos Apskritis','active','1'),(2212,117,'LT','59','Marijampoles Apskritis','active','1'),(2213,117,'LT','60','Panevezio Apskritis','active','1'),(2214,117,'LT','61','Siauliu Apskritis','active','1'),(2215,117,'LT','62','Taurages Apskritis','active','1'),(2216,117,'LT','63','Telsiu Apskritis','active','1'),(2217,117,'LT','64','Utenos Apskritis','active','1'),(2218,117,'LT','65','Vilniaus Apskritis','active','1'),(2219,118,'LU','01','Diekirch','active','1'),(2220,118,'LU','02','Grevenmacher','active','1'),(2221,118,'LU','03','Luxembourg','active','1'),(2222,111,'LV','01','Aizkraukles','active','1'),(2223,111,'LV','02','Aluksnes','active','1'),(2224,111,'LV','03','Balvu','active','1'),(2225,111,'LV','04','Bauskas','active','1'),(2226,111,'LV','05','Cesu','active','1'),(2227,111,'LV','06','Daugavpils','active','1'),(2228,111,'LV','07','Daugavpils','active','1'),(2229,111,'LV','08','Dobeles','active','1'),(2230,111,'LV','09','Gulbenes','active','1'),(2231,111,'LV','10','Jekabpils','active','1'),(2232,111,'LV','11','Jelgava','active','1'),(2233,111,'LV','12','Jelgavas','active','1'),(2234,111,'LV','13','Jurmala','active','1'),(2235,111,'LV','14','Kraslavas','active','1'),(2236,111,'LV','15','Kuldigas','active','1'),(2237,111,'LV','16','Liepaja','active','1'),(2238,111,'LV','17','Liepajas','active','1'),(2239,111,'LV','18','Limbazu','active','1'),(2240,111,'LV','19','Ludzas','active','1'),(2241,111,'LV','20','Madonas','active','1'),(2242,111,'LV','21','Ogres','active','1'),(2243,111,'LV','22','Preilu','active','1'),(2244,111,'LV','23','Rezekne','active','1'),(2245,111,'LV','24','Rezeknes','active','1'),(2246,111,'LV','25','Riga','active','1'),(2247,111,'LV','26','Rigas','active','1'),(2248,111,'LV','27','Saldus','active','1'),(2249,111,'LV','28','Talsu','active','1'),(2250,111,'LV','29','Tukuma','active','1'),(2251,111,'LV','30','Valkas','active','1'),(2252,111,'LV','31','Valmieras','active','1'),(2254,111,'LV','32','Ventspils','active','1'),(2253,111,'LV','33','Ventspils','active','1'),(2256,115,'LY','03','Al Aziziyah','active','1'),(2259,115,'LY','05','Al Jufrah','active','1'),(2261,115,'LY','08','Al Kufrah','active','1'),(2263,115,'LY','13','Ash Shati\'','active','1'),(2271,115,'LY','30','Murzuq','active','1'),(2272,115,'LY','34','Sabha','active','1'),(2276,115,'LY','41','Tarhunah','active','1'),(2277,115,'LY','42','Tubruq','active','1'),(2279,115,'LY','45','Zlitan','active','1'),(2255,115,'LY','47','Ajdabiya','active','1'),(2257,115,'LY','48','Al Fatih','active','1'),(2258,115,'LY','49','Al Jabal al Akhdar','active','1'),(2260,115,'LY','50','Al Khums','active','1'),(2262,115,'LY','51','An Nuqat al Khams','active','1'),(2264,115,'LY','52','Awbari','active','1'),(2265,115,'LY','53','Az Zawiyah','active','1'),(2266,115,'LY','54','Banghazi','active','1'),(2267,115,'LY','55','Darnah','active','1'),(2268,115,'LY','56','Ghadamis','active','1'),(2269,115,'LY','57','Gharyan','active','1'),(2270,115,'LY','58','Misratah','active','1'),(2273,115,'LY','59','Sawfajjin','active','1'),(2274,115,'LY','60','Surt','active','1'),(2275,115,'LY','61','Tarabulus','active','1'),(2278,115,'LY','62','Yafran','active','1'),(2280,138,'MA','01','Agadir','active','1'),(2281,138,'MA','02','Al Hoceima','active','1'),(2282,138,'MA','03','Azilal','active','1'),(2283,138,'MA','04','Ben Slimane','active','1'),(2284,138,'MA','05','Beni Mellal','active','1'),(2285,138,'MA','06','Boulemane','active','1'),(2286,138,'MA','07','Casablanca','active','1'),(2287,138,'MA','08','Chaouen','active','1'),(2290,138,'MA','09','El Jadida','active','1'),(2291,138,'MA','10','El Kelaa des Srarhna','active','1'),(2292,138,'MA','11','Er Rachidia','active','1'),(2293,138,'MA','12','Essaouira','active','1'),(2294,138,'MA','13','Fes','active','1'),(2296,138,'MA','14','Figuig','active','1'),(2302,138,'MA','15','Kenitra','active','1'),(2303,138,'MA','16','Khemisset','active','1'),(2304,138,'MA','17','Khenifra','active','1'),(2305,138,'MA','18','Khouribga','active','1'),(2309,138,'MA','19','Marrakech','active','1'),(2311,138,'MA','20','Meknes','active','1'),(2313,138,'MA','21','Nador','active','1'),(2315,138,'MA','22','Ouarzazate','active','1'),(2316,138,'MA','23','Oujda','active','1'),(2317,138,'MA','24','Rabat-Sale','active','1'),(2319,138,'MA','25','Safi','active','1'),(2320,138,'MA','26','Settat','active','1'),(2325,138,'MA','27','Tanger','active','1'),(2329,138,'MA','29','Tata','active','1'),(2330,138,'MA','30','Taza','active','1'),(2333,138,'MA','32','Tiznit','active','1'),(2299,138,'MA','33','Guelmim','active','1'),(2301,138,'MA','34','Ifrane','active','1'),(2307,138,'MA','35','Laayoune','active','1'),(2324,138,'MA','36','Tan-Tan','active','1'),(2327,138,'MA','37','Taounate','active','1'),(2321,138,'MA','38','Sidi Kacem','active','1'),(2328,138,'MA','39','Taroudannt','active','1'),(2332,138,'MA','40','Tetouan','active','1'),(2308,138,'MA','41','Larache','active','1'),(2298,138,'MA','45','Grand Casablanca','active','1'),(2295,138,'MA','46','Fes-Boulemane','active','1'),(2310,138,'MA','47','Marrakech-Tensift-Al Haouz','active','1'),(2312,138,'MA','48','Meknes-Tafilalet','active','1'),(2318,138,'MA','49','Rabat-Sale-Zemmour-Zaer','active','1'),(2288,138,'MA','50','Chaouia-Ouardigha','active','1'),(2289,138,'MA','51','Doukkala-Abda','active','1'),(2297,138,'MA','52','Gharb-Chrarda-Beni Hssen','active','1'),(2300,138,'MA','53','Guelmim-Es Smara','active','1'),(2314,138,'MA','54','Oriental','active','1'),(2322,138,'MA','55','Souss-Massa-Dr,a','active','1'),(2323,138,'MA','56','Tadla-Azilal','active','1'),(2326,138,'MA','57','Tanger-Tetouan','active','1'),(2331,138,'MA','58','Taza-Al Hoceima-Taounate','active','1'),(2306,138,'MA','59','La,youne-Boujdour-Sakia El Hamra','active','1'),(2334,135,'MC','01','La Condamine','active','1'),(2335,135,'MC','02','Monaco','active','1'),(2336,135,'MC','03','Monte-Carlo','active','1'),(2339,134,'MD','46','Balti','active','1'),(2343,134,'MD','47','Cahul','active','1'),(2348,134,'MD','48','Chisinau','active','1'),(2375,134,'MD','49','Stinga Nistrului','active','1'),(2355,134,'MD','50','Edinet','active','1'),(2358,134,'MD','51','Gagauzia','active','1'),(2362,134,'MD','52','Lapusna','active','1'),(2366,134,'MD','53','Orhei','active','1'),(2372,134,'MD','54','Soroca','active','1'),(2379,134,'MD','55','Tighina','active','1'),(2380,134,'MD','56','Ungheni','active','1'),(2374,134,'MD','58','Stinga Nistrului','active','1'),(2337,134,'MD','59','Anenii Noi','active','1'),(2338,134,'MD','60','Balti','active','1'),(2340,134,'MD','61','Basarabeasca','active','1'),(2341,134,'MD','62','Bender','active','1'),(2342,134,'MD','63','Briceni','active','1'),(2344,134,'MD','64','Cahul','active','1'),(2346,134,'MD','65','Cantemir','active','1'),(2345,134,'MD','66','Calarasi','active','1'),(2347,134,'MD','67','Causeni','active','1'),(2349,134,'MD','68','Cimislia','active','1'),(2350,134,'MD','69','Criuleni','active','1'),(2351,134,'MD','70','Donduseni','active','1'),(2352,134,'MD','71','Drochia','active','1'),(2353,134,'MD','72','Dubasari','active','1'),(2354,134,'MD','73','Edinet','active','1'),(2356,134,'MD','74','Falesti','active','1'),(2357,134,'MD','75','Floresti','active','1'),(2359,134,'MD','76','Glodeni','active','1'),(2360,134,'MD','77','Hincesti','active','1'),(2361,134,'MD','78','Ialoveni','active','1'),(2363,134,'MD','79','Leova','active','1'),(2364,134,'MD','80','Nisporeni','active','1'),(2365,134,'MD','81','Ocnita','active','1'),(2367,134,'MD','83','Rezina','active','1'),(2368,134,'MD','84','Riscani','active','1'),(2369,134,'MD','85','Singerei','active','1'),(2370,134,'MD','86','Soldanesti','active','1'),(2371,134,'MD','87','Soroca','active','1'),(2373,134,'MD','88','Stefan-Voda','active','1'),(2376,134,'MD','89','Straseni','active','1'),(2377,134,'MD','90','Taraclia','active','1'),(2378,134,'MD','91','Telenesti','active','1'),(2381,134,'MD','92','Ungheni','active','1'),(2383,121,'MG','01','Antsiranana','active','1'),(2384,121,'MG','02','Fianarantsoa','active','1'),(2385,121,'MG','03','Mahajanga','active','1'),(2386,121,'MG','04','Toamasina','active','1'),(2382,121,'MG','05','Antananarivo','active','1'),(2387,121,'MG','06','Toliara','active','1'),(2388,120,'MK','01','Aracinovo','active','1'),(2389,120,'MK','02','Bac','active','1'),(2390,120,'MK','03','Belcista','active','1'),(2391,120,'MK','04','Berovo','active','1'),(2392,120,'MK','05','Bistrica','active','1'),(2393,120,'MK','06','Bitola','active','1'),(2394,120,'MK','07','Blatec','active','1'),(2395,120,'MK','08','Bogdanci','active','1'),(2396,120,'MK','09','Bogomila','active','1'),(2397,120,'MK','10','Bogovinje','active','1'),(2398,120,'MK','11','Bosilovo','active','1'),(2399,120,'MK','12','Brvenica','active','1'),(2400,120,'MK','13','Cair','active','1'),(2401,120,'MK','14','Capari','active','1'),(2402,120,'MK','15','Caska','active','1'),(2403,120,'MK','16','Cegrane','active','1'),(2404,120,'MK','17','Centar','active','1'),(2405,120,'MK','18','Centar Zupa','active','1'),(2406,120,'MK','19','Cesinovo','active','1'),(2407,120,'MK','20','Cucer-Sandevo','active','1'),(2408,120,'MK','21','Debar','active','1'),(2409,120,'MK','22','Delcevo','active','1'),(2410,120,'MK','23','Delogozdi','active','1'),(2411,120,'MK','24','Demir Hisar','active','1'),(2412,120,'MK','25','Demir Kapija','active','1'),(2413,120,'MK','26','Dobrusevo','active','1'),(2414,120,'MK','27','Dolna Banjica','active','1'),(2415,120,'MK','28','Dolneni','active','1'),(2416,120,'MK','29','Dorce Petrov','active','1'),(2417,120,'MK','30','Drugovo','active','1'),(2418,120,'MK','31','Dzepciste','active','1'),(2419,120,'MK','32','Gazi Baba','active','1'),(2420,120,'MK','33','Gevgelija','active','1'),(2421,120,'MK','34','Gostivar','active','1'),(2422,120,'MK','35','Gradsko','active','1'),(2423,120,'MK','36','Ilinden','active','1'),(2424,120,'MK','37','Izvor','active','1'),(2425,120,'MK','38','Jegunovce','active','1'),(2426,120,'MK','39','Kamenjane','active','1'),(2427,120,'MK','40','Karbinci','active','1'),(2428,120,'MK','41','Karpos','active','1'),(2429,120,'MK','42','Kavadarci','active','1'),(2430,120,'MK','43','Kicevo','active','1'),(2431,120,'MK','44','Kisela Voda','active','1'),(2432,120,'MK','45','Klecevce','active','1'),(2433,120,'MK','46','Kocani','active','1'),(2434,120,'MK','47','Konce','active','1'),(2435,120,'MK','48','Kondovo','active','1'),(2436,120,'MK','49','Konopiste','active','1'),(2437,120,'MK','50','Kosel','active','1'),(2438,120,'MK','51','Kratovo','active','1'),(2439,120,'MK','52','Kriva Palanka','active','1'),(2440,120,'MK','53','Krivogastani','active','1'),(2441,120,'MK','54','Krusevo','active','1'),(2442,120,'MK','55','Kuklis','active','1'),(2443,120,'MK','56','Kukurecani','active','1'),(2444,120,'MK','57','Kumanovo','active','1'),(2445,120,'MK','58','Labunista','active','1'),(2446,120,'MK','59','Lipkovo','active','1'),(2447,120,'MK','60','Lozovo','active','1'),(2448,120,'MK','61','Lukovo','active','1'),(2449,120,'MK','62','Makedonska Kamenica','active','1'),(2450,120,'MK','63','Makedonski Brod','active','1'),(2451,120,'MK','64','Mavrovi Anovi','active','1'),(2452,120,'MK','65','Meseista','active','1'),(2453,120,'MK','66','Miravci','active','1'),(2454,120,'MK','67','Mogila','active','1'),(2455,120,'MK','68','Murtino','active','1'),(2456,120,'MK','69','Negotino','active','1'),(2457,120,'MK','70','Negotino-Polosko','active','1'),(2458,120,'MK','71','Novaci','active','1'),(2459,120,'MK','72','Novo Selo','active','1'),(2460,120,'MK','73','Oblesevo','active','1'),(2461,120,'MK','74','Ohrid','active','1'),(2462,120,'MK','75','Orasac','active','1'),(2463,120,'MK','76','Orizari','active','1'),(2464,120,'MK','77','Oslomej','active','1'),(2465,120,'MK','78','Pehcevo','active','1'),(2466,120,'MK','79','Petrovec','active','1'),(2467,120,'MK','80','Plasnica','active','1'),(2468,120,'MK','81','Podares','active','1'),(2469,120,'MK','82','Prilep','active','1'),(2470,120,'MK','83','Probistip','active','1'),(2471,120,'MK','84','Radovis','active','1'),(2472,120,'MK','85','Rankovce','active','1'),(2473,120,'MK','86','Resen','active','1'),(2474,120,'MK','87','Rosoman','active','1'),(2475,120,'MK','88','Rostusa','active','1'),(2476,120,'MK','89','Samokov','active','1'),(2477,120,'MK','90','Saraj','active','1'),(2478,120,'MK','91','Sipkovica','active','1'),(2479,120,'MK','92','Sopiste','active','1'),(2480,120,'MK','93','Sopotnica','active','1'),(2481,120,'MK','94','Srbinovo','active','1'),(2483,120,'MK','95','Staravina','active','1'),(2482,120,'MK','96','Star Dojran','active','1'),(2484,120,'MK','97','Staro Nagoricane','active','1'),(2485,120,'MK','98','Stip','active','1'),(2486,120,'MK','99','Struga','active','1'),(2487,120,'MK','A1','Strumica','active','1'),(2488,120,'MK','A2','Studenicani','active','1'),(2489,120,'MK','A3','Suto Orizari','active','1'),(2490,120,'MK','A4','Sveti Nikole','active','1'),(2491,120,'MK','A5','Tearce','active','1'),(2492,120,'MK','A6','Tetovo','active','1'),(2493,120,'MK','A7','Topolcani','active','1'),(2494,120,'MK','A8','Valandovo','active','1'),(2495,120,'MK','A9','Vasilevo','active','1'),(2496,120,'MK','B1','Veles','active','1'),(2497,120,'MK','B2','Velesta','active','1'),(2498,120,'MK','B3','Vevcani','active','1'),(2499,120,'MK','B4','Vinica','active','1'),(2500,120,'MK','B5','Vitoliste','active','1'),(2501,120,'MK','B6','Vranestica','active','1'),(2502,120,'MK','B7','Vrapciste','active','1'),(2503,120,'MK','B8','Vratnica','active','1'),(2504,120,'MK','B9','Vrutok','active','1'),(2505,120,'MK','C1','Zajas','active','1'),(2506,120,'MK','C2','Zelenikovo','active','1'),(2507,120,'MK','C3','Zelino','active','1'),(2508,120,'MK','C4','Zitose','active','1'),(2509,120,'MK','C5','Zletovo','active','1'),(2510,120,'MK','C6','Zrnovci','active','1'),(2511,125,'ML','01','Bamako','active','1'),(2513,125,'ML','03','Kayes','active','1'),(2516,125,'ML','04','Mopti','active','1'),(2517,125,'ML','05','Segou','active','1'),(2518,125,'ML','06','Sikasso','active','1'),(2515,125,'ML','07','Koulikoro','active','1'),(2519,125,'ML','08','Tombouctou','active','1'),(2512,125,'ML','09','Gao','active','1'),(2514,125,'ML','10','Kidal','active','1'),(2529,34,'MM','01','Rakhine State','active','1'),(2520,34,'MM','02','Chin State','active','1'),(2521,34,'MM','03','Irrawaddy','active','1'),(2522,34,'MM','04','Kachin State','active','1'),(2523,34,'MM','05','Karan State','active','1'),(2524,34,'MM','06','Kayah State','active','1'),(2525,34,'MM','07','Magwe','active','1'),(2526,34,'MM','08','Mandalay','active','1'),(2528,34,'MM','09','Pegu','active','1'),(2531,34,'MM','10','Sagaing','active','1'),(2532,34,'MM','11','Shan State','active','1'),(2533,34,'MM','12','Tenasserim','active','1'),(2527,34,'MM','13','Mon State','active','1'),(2530,34,'MM','14','Rangoon','active','1'),(2534,34,'MM','17','Yangon','active','1'),(2535,136,'MN','01','Arhangay','active','1'),(2537,136,'MN','02','Bayanhongor','active','1'),(2536,136,'MN','03','Bayan-Olgiy','active','1'),(2539,136,'MN','05','Darhan','active','1'),(2541,136,'MN','06','Dornod','active','1'),(2542,136,'MN','07','Dornogovi','active','1'),(2543,136,'MN','08','Dundgovi','active','1'),(2544,136,'MN','09','Dzavhan','active','1'),(2546,136,'MN','10','Govi-Altay','active','1'),(2548,136,'MN','11','Hentiy','active','1'),(2549,136,'MN','12','Hovd','active','1'),(2550,136,'MN','13','Hovsgol','active','1'),(2551,136,'MN','14','Omnogovi','active','1'),(2553,136,'MN','15','Ovorhangay','active','1'),(2554,136,'MN','16','Selenge','active','1'),(2555,136,'MN','17','Suhbaatar','active','1'),(2556,136,'MN','18','Tov','active','1'),(2558,136,'MN','19','Uvs','active','1'),(2557,136,'MN','20','Ulaanbaatar','active','1'),(2538,136,'MN','21','Bulgan','active','1'),(2545,136,'MN','22','Erdenet','active','1'),(2540,136,'MN','23','Darhan-Uul','active','1'),(2547,136,'MN','24','Govisumber','active','1'),(2552,136,'MN','25','Orhon','active','1'),(2559,119,'MO','01','Ilhas','active','1'),(2560,119,'MO','02','Macau','active','1'),(2567,129,'MR','01','Hodh Ech Chargui','active','1'),(2568,129,'MR','02','Hodh El Gharbi','active','1'),(2562,129,'MR','03','Assaba','active','1'),(2565,129,'MR','04','Gorgol','active','1'),(2563,129,'MR','05','Brakna','active','1'),(2572,129,'MR','06','Trarza','active','1'),(2561,129,'MR','07','Adrar','active','1'),(2564,129,'MR','08','Dakhlet Nouadhibou','active','1'),(2570,129,'MR','09','Tagant','active','1'),(2566,129,'MR','10','Guidimaka','active','1'),(2571,129,'MR','11','Tiris Zemmour','active','1'),(2569,129,'MR','12','Inchiri','active','1'),(2573,137,'MS','01','Saint Anthony','active','1'),(2574,137,'MS','02','Saint Georges','active','1'),(2575,137,'MS','03','Saint Peter','active','1'),(2577,130,'MU','12','Black River','active','1'),(2579,130,'MU','13','Flacq','active','1'),(2580,130,'MU','14','Grand Port','active','1'),(2581,130,'MU','15','Moka','active','1'),(2582,130,'MU','16','Pamplemousses','active','1'),(2583,130,'MU','17','Plaines Wilhems','active','1'),(2584,130,'MU','18','Port Louis','active','1'),(2585,130,'MU','19','Riviere du Rempart','active','1'),(2587,130,'MU','20','Savanne','active','1'),(2576,130,'MU','21','Agalega Islands','active','1'),(2578,130,'MU','22','Cargados Carajos','active','1'),(2586,130,'MU','23','Rodrigues','active','1'),(2604,124,'MV','01','Seenu','active','1'),(2588,124,'MV','02','Aliff','active','1'),(2598,124,'MV','03','Laviyani','active','1'),(2607,124,'MV','04','Waavu','active','1'),(2597,124,'MV','05','Laamu','active','1'),(2594,124,'MV','07','Haa Aliff','active','1'),(2606,124,'MV','08','Thaa','active','1'),(2600,124,'MV','12','Meemu','active','1'),(2603,124,'MV','13','Raa','active','1'),(2591,124,'MV','14','Faafu','active','1'),(2590,124,'MV','17','Daalu','active','1'),(2589,124,'MV','20','Baa','active','1'),(2595,124,'MV','23','Haa Daalu','active','1'),(2605,124,'MV','24','Shaviyani','active','1'),(2602,124,'MV','25','Noonu','active','1'),(2596,124,'MV','26','Kaafu','active','1'),(2592,124,'MV','27','Gaafu Aliff','active','1'),(2593,124,'MV','28','Gaafu Daalu','active','1'),(2601,124,'MV','29','Naviyani','active','1'),(2599,124,'MV','40','Male','active','1'),(2610,122,'MW','02','Chikwawa','active','1'),(2611,122,'MW','03','Chiradzulu','active','1'),(2612,122,'MW','04','Chitipa','active','1'),(2633,122,'MW','05','Thyolo','active','1'),(2613,122,'MW','06','Dedza','active','1'),(2614,122,'MW','07','Dowa','active','1'),(2615,122,'MW','08','Karonga','active','1'),(2616,122,'MW','09','Kasungu','active','1'),(2618,122,'MW','11','Lilongwe','active','1'),(2620,122,'MW','12','Mangochi','active','1'),(2621,122,'MW','13','Mchinji','active','1'),(2624,122,'MW','15','Mzimba','active','1'),(2628,122,'MW','16','Ntcheu','active','1'),(2625,122,'MW','17','Nkhata Bay','active','1'),(2626,122,'MW','18','Nkhotakota','active','1'),(2627,122,'MW','19','Nsanje','active','1'),(2629,122,'MW','20','Ntchisi','active','1'),(2631,122,'MW','21','Rumphi','active','1'),(2632,122,'MW','22','Salima','active','1'),(2634,122,'MW','23','Zomba','active','1'),(2609,122,'MW','24','Blantyre','active','1'),(2623,122,'MW','25','Mwanza','active','1'),(2608,122,'MW','26','Balaka','active','1'),(2617,122,'MW','27','Likoma','active','1'),(2619,122,'MW','28','Machinga','active','1'),(2622,122,'MW','29','Mulanje','active','1'),(2630,122,'MW','30','Phalombe','active','1'),(2635,132,'MX','01','Aguascalientes','active','1'),(2636,132,'MX','02','Baja California','active','1'),(2637,132,'MX','03','Baja California Sur','active','1'),(2638,132,'MX','04','Campeche','active','1'),(2639,132,'MX','05','Chiapas','active','1'),(2640,132,'MX','06','Chihuahua','active','1'),(2641,132,'MX','07','Coahuila de Zaragoza','active','1'),(2642,132,'MX','08','Colima','active','1'),(2643,132,'MX','09','Distrito Federal','active','1'),(2644,132,'MX','10','Durango','active','1'),(2645,132,'MX','11','Guanajuato','active','1'),(2646,132,'MX','12','Guerrero','active','1'),(2647,132,'MX','13','Hidalgo','active','1'),(2648,132,'MX','14','Jalisco','active','1'),(2649,132,'MX','15','Mexico','active','1'),(2650,132,'MX','16','Michoacan de Ocampo','active','1'),(2651,132,'MX','17','Morelos','active','1'),(2652,132,'MX','18','Nayarit','active','1'),(2653,132,'MX','19','Nuevo Leon','active','1'),(2654,132,'MX','20','Oaxaca','active','1'),(2655,132,'MX','21','Puebla','active','1'),(2656,132,'MX','22','Queretaro de Arteaga','active','1'),(2657,132,'MX','23','Quintana Roo','active','1'),(2658,132,'MX','24','San Luis Potosi','active','1'),(2659,132,'MX','25','Sinaloa','active','1'),(2660,132,'MX','26','Sonora','active','1'),(2661,132,'MX','27','Tabasco','active','1'),(2662,132,'MX','28','Tamaulipas','active','1'),(2663,132,'MX','29','Tlaxcala','active','1'),(2664,132,'MX','30','Veracruz-Llave','active','1'),(2665,132,'MX','31','Yucatan','active','1'),(2666,132,'MX','32','Zacatecas','active','1'),(2667,123,'MY','01','Johor','active','1'),(2668,123,'MY','02','Kedah','active','1'),(2669,123,'MY','03','Kelantan','active','1'),(2672,123,'MY','04','Melaka','active','1'),(2673,123,'MY','05','Negeri Sembilan','active','1'),(2674,123,'MY','06','Pahang','active','1'),(2675,123,'MY','07','Perak','active','1'),(2676,123,'MY','08','Perlis','active','1'),(2677,123,'MY','09','Pulau Pinang','active','1'),(2680,123,'MY','11','Sarawak','active','1'),(2681,123,'MY','12','Selangor','active','1'),(2682,123,'MY','13','Terengganu','active','1'),(2670,123,'MY','14','Kuala Lumpur','active','1'),(2671,123,'MY','15','Labuan','active','1'),(2679,123,'MY','16','Sabah','active','1'),(2678,123,'MY','17','Putrajaya','active','1'),(2683,139,'MZ','01','Cabo Delgado','active','1'),(2684,139,'MZ','02','Gaza','active','1'),(2685,139,'MZ','03','Inhambane','active','1'),(2688,139,'MZ','04','Maputo','active','1'),(2691,139,'MZ','05','Sofala','active','1'),(2689,139,'MZ','06','Nampula','active','1'),(2690,139,'MZ','07','Niassa','active','1'),(2692,139,'MZ','08','Tete','active','1'),(2693,139,'MZ','09','Zambezia','active','1'),(2686,139,'MZ','10','Manica','active','1'),(2687,139,'MZ','11','Maputo','active','1'),(2694,140,'NA','01','Bethanien','active','1'),(2697,140,'NA','02','Caprivi Oos','active','1'),(2695,140,'NA','03','Boesmanland','active','1'),(2700,140,'NA','04','Gobabis','active','1'),(2701,140,'NA','05','Grootfontein','active','1'),(2705,140,'NA','06','Kaokoland','active','1'),(2708,140,'NA','07','Karibib','active','1'),(2710,140,'NA','08','Keetmanshoop','active','1'),(2712,140,'NA','09','Luderitz','active','1'),(2713,140,'NA','10','Maltahohe','active','1'),(2717,140,'NA','11','Okahandja','active','1'),(2720,140,'NA','12','Omaruru','active','1'),(2724,140,'NA','13','Otjiwarongo','active','1'),(2726,140,'NA','14','Outjo','active','1'),(2727,140,'NA','15','Owambo','active','1'),(2728,140,'NA','16','Rehoboth','active','1'),(2729,140,'NA','17','Swakopmund','active','1'),(2730,140,'NA','18','Tsumeb','active','1'),(2707,140,'NA','20','Karasburg','active','1'),(2731,140,'NA','21','Windhoek','active','1'),(2698,140,'NA','22','Damaraland','active','1'),(2703,140,'NA','23','Hereroland Oos','active','1'),(2704,140,'NA','24','Hereroland Wes','active','1'),(2709,140,'NA','25','Kavango','active','1'),(2714,140,'NA','26','Mariental','active','1'),(2715,140,'NA','27','Namaland','active','1'),(2696,140,'NA','28','Caprivi','active','1'),(2699,140,'NA','29','Erongo','active','1'),(2702,140,'NA','30','Hardap','active','1'),(2706,140,'NA','31','Karas','active','1'),(2711,140,'NA','32','Kunene','active','1'),(2716,140,'NA','33','Ohangwena','active','1'),(2718,140,'NA','34','Okavango','active','1'),(2719,140,'NA','35','Omaheke','active','1'),(2721,140,'NA','36','Omusati','active','1'),(2722,140,'NA','37','Oshana','active','1'),(2723,140,'NA','38','Oshikoto','active','1'),(2725,140,'NA','39','Otjozondjupa','active','1'),(2732,148,'NE','01','Agadez','active','1'),(2733,148,'NE','02','Diffa','active','1'),(2734,148,'NE','03','Dosso','active','1'),(2735,148,'NE','04','Maradi','active','1'),(2736,148,'NE','05','Niamey','active','1'),(2738,148,'NE','06','Tahoua','active','1'),(2739,148,'NE','07','Zinder','active','1'),(2737,148,'NE','08','Niamey','active','1'),(2764,149,'NG','05','Lagos','active','1'),(2774,149,'NG','10','Rivers','active','1'),(2754,149,'NG','11','Federal Capital Territory','active','1'),(2767,149,'NG','16','Ogun','active','1'),(2769,149,'NG','17','Ondo','active','1'),(2742,149,'NG','21','Akwa Ibom','active','1'),(2748,149,'NG','22','Cross River','active','1'),(2758,149,'NG','23','Kaduna','active','1'),(2760,149,'NG','24','Katsina','active','1'),(2743,149,'NG','25','Anambra','active','1'),(2746,149,'NG','26','Benue','active','1'),(2747,149,'NG','27','Borno','active','1'),(2756,149,'NG','28','Imo','active','1'),(2759,149,'NG','29','Kano','active','1'),(2763,149,'NG','30','Kwara','active','1'),(2766,149,'NG','31','Niger','active','1'),(2771,149,'NG','32','Oyo','active','1'),(2741,149,'NG','35','Adamawa','active','1'),(2749,149,'NG','36','Delta','active','1'),(2751,149,'NG','37','Edo','active','1'),(2757,149,'NG','39','Jigawa','active','1'),(2761,149,'NG','40','Kebbi','active','1'),(2762,149,'NG','41','Kogi','active','1'),(2770,149,'NG','42','Osun','active','1'),(2776,149,'NG','43','Taraba','active','1'),(2777,149,'NG','44','Yobe','active','1'),(2740,149,'NG','45','Abia','active','1'),(2744,149,'NG','46','Bauchi','active','1'),(2753,149,'NG','47','Enugu','active','1'),(2768,149,'NG','48','Ondo','active','1'),(2772,149,'NG','49','Plateau','active','1'),(2773,149,'NG','50','Rivers','active','1'),(2775,149,'NG','51','Sokoto','active','1'),(2745,149,'NG','52','Bayelsa','active','1'),(2750,149,'NG','53','Ebonyi','active','1'),(2752,149,'NG','54','Ekiti','active','1'),(2755,149,'NG','55','Gombe','active','1'),(2765,149,'NG','56','Nassarawa','active','1'),(2778,149,'NG','57','Zamfara','active','1'),(2779,147,'NI','01','Boaco','active','1'),(2780,147,'NI','02','Carazo','active','1'),(2781,147,'NI','03','Chinandega','active','1'),(2782,147,'NI','04','Chontales','active','1'),(2783,147,'NI','05','Esteli','active','1'),(2784,147,'NI','06','Granada','active','1'),(2785,147,'NI','07','Jinotega','active','1'),(2786,147,'NI','08','Leon','active','1'),(2787,147,'NI','09','Madriz','active','1'),(2788,147,'NI','10','Managua','active','1'),(2789,147,'NI','11','Masaya','active','1'),(2790,147,'NI','12','Matagalpa','active','1'),(2791,147,'NI','13','Nueva Segovia','active','1'),(2792,147,'NI','14','Rio San Juan','active','1'),(2793,147,'NI','15','Rivas','active','1'),(2794,147,'NI','16','Zelaya','active','1'),(2795,143,'NL','01','Drenthe','active','1'),(2798,143,'NL','02','Friesland','active','1'),(2799,143,'NL','03','Gelderland','active','1'),(2800,143,'NL','04','Groningen','active','1'),(2802,143,'NL','05','Limburg','active','1'),(2803,143,'NL','06','Noord-Brabant','active','1'),(2804,143,'NL','07','Noord-Holland','active','1'),(2805,143,'NL','08','Overijssel','active','1'),(2807,143,'NL','09','Utrecht','active','1'),(2808,143,'NL','10','Zeeland','active','1'),(2809,143,'NL','11','Zuid-Holland','active','1'),(2796,143,'NL','12','Dronten','active','1'),(2810,143,'NL','13','Zuidelijke IJsselmeerpolders','active','1'),(2801,143,'NL','14','Lelystad','active','1'),(2806,143,'NL','15','Overijssel','active','1'),(2797,143,'NL','16','Flevoland','active','1'),(2811,152,'NO','01','Akershus','active','1'),(2812,152,'NO','02','Aust-Agder','active','1'),(2813,152,'NO','04','Buskerud','active','1'),(2814,152,'NO','05','Finnmark','active','1'),(2815,152,'NO','06','Hedmark','active','1'),(2816,152,'NO','07','Hordaland','active','1'),(2817,152,'NO','08','More og Romsdal','active','1'),(2819,152,'NO','09','Nordland','active','1'),(2818,152,'NO','10','Nord-Trondelag','active','1'),(2820,152,'NO','11','Oppland','active','1'),(2821,152,'NO','12','Oslo','active','1'),(2822,152,'NO','13','Ostfold','active','1'),(2823,152,'NO','14','Rogaland','active','1'),(2824,152,'NO','15','Sogn og Fjordane','active','1'),(2825,152,'NO','16','Sor-Trondelag','active','1'),(2826,152,'NO','17','Telemark','active','1'),(2827,152,'NO','18','Troms','active','1'),(2828,152,'NO','19','Vest-Agder','active','1'),(2829,152,'NO','20','Vestfold','active','1'),(2830,142,'NP','01','Bagmati','active','1'),(2831,142,'NP','02','Bheri','active','1'),(2832,142,'NP','03','Dhawalagiri','active','1'),(2833,142,'NP','04','Gandaki','active','1'),(2834,142,'NP','05','Janakpur','active','1'),(2835,142,'NP','06','Karnali','active','1'),(2836,142,'NP','07','Kosi','active','1'),(2837,142,'NP','08','Lumbini','active','1'),(2838,142,'NP','09','Mahakali','active','1'),(2839,142,'NP','10','Mechi','active','1'),(2840,142,'NP','11','Narayani','active','1'),(2841,142,'NP','12','Rapti','active','1'),(2842,142,'NP','13','Sagarmatha','active','1'),(2843,142,'NP','14','Seti','active','1'),(2844,141,'NR','01','Aiwo','active','1'),(2845,141,'NR','02','Anabar','active','1'),(2846,141,'NR','03','Anetan','active','1'),(2847,141,'NR','04','Anibare','active','1'),(2848,141,'NR','05','Baiti','active','1'),(2849,141,'NR','06','Boe','active','1'),(2850,141,'NR','07','Buada','active','1'),(2851,141,'NR','08','Denigomodu','active','1'),(2852,141,'NR','09','Ewa','active','1'),(2853,141,'NR','10','Ijuw','active','1'),(2854,141,'NR','11','Meneng','active','1'),(2855,141,'NR','12','Nibok','active','1'),(2856,141,'NR','13','Uaboe','active','1'),(2857,141,'NR','14','Yaren','active','1'),(2861,146,'NZ','10','Chatham Islands','active','1'),(2858,146,'NZ','E7','Auckland','active','1'),(2859,146,'NZ','E8','Bay of Plenty','active','1'),(2860,146,'NZ','E9','Canterbury','active','1'),(2862,146,'NZ','F1','Gisborne','active','1'),(2863,146,'NZ','F2','Hawke\'s Bay','active','1'),(2864,146,'NZ','F3','Manawatu-Wanganui','active','1'),(2865,146,'NZ','F4','Marlborough','active','1'),(2866,146,'NZ','F5','Nelson','active','1'),(2867,146,'NZ','F6','Northland','active','1'),(2868,146,'NZ','F7','Otago','active','1'),(2869,146,'NZ','F8','Southland','active','1'),(2870,146,'NZ','F9','Taranaki','active','1'),(2871,146,'NZ','G1','Waikato','active','1'),(2872,146,'NZ','G2','Wellington','active','1'),(2873,146,'NZ','G3','West Coast','active','1'),(2874,153,'OM','01','Ad Dakhiliyah','active','1'),(2875,153,'OM','02','Al Batinah','active','1'),(2876,153,'OM','03','Al Wusta','active','1'),(2877,153,'OM','04','Ash Sharqiyah','active','1'),(2878,153,'OM','05','Az Zahirah','active','1'),(2879,153,'OM','06','Masqat','active','1'),(2880,153,'OM','07','Musandam','active','1'),(2881,153,'OM','08','Zufar','active','1'),(2882,156,'PA','01','Bocas del Toro','active','1'),(2883,156,'PA','02','Chiriqui','active','1'),(2884,156,'PA','03','Cocle','active','1'),(2885,156,'PA','04','Colon','active','1'),(2886,156,'PA','05','Darien','active','1'),(2887,156,'PA','06','Herrera','active','1'),(2888,156,'PA','07','Los Santos','active','1'),(2889,156,'PA','08','Panama','active','1'),(2890,156,'PA','09','San Blas','active','1'),(2891,156,'PA','10','Veraguas','active','1'),(2892,159,'PE','01','Amazonas','active','1'),(2893,159,'PE','02','Ancash','active','1'),(2894,159,'PE','03','Apurimac','active','1'),(2895,159,'PE','04','Arequipa','active','1'),(2896,159,'PE','05','Ayacucho','active','1'),(2897,159,'PE','06','Cajamarca','active','1'),(2898,159,'PE','07','Callao','active','1'),(2899,159,'PE','08','Cusco','active','1'),(2900,159,'PE','09','Huancavelica','active','1'),(2901,159,'PE','10','Huanuco','active','1'),(2902,159,'PE','11','Ica','active','1'),(2903,159,'PE','12','Junin','active','1'),(2904,159,'PE','13','La Libertad','active','1'),(2905,159,'PE','14','Lambayeque','active','1'),(2906,159,'PE','15','Lima','active','1'),(2907,159,'PE','16','Loreto','active','1'),(2908,159,'PE','17','Madre de Dios','active','1'),(2909,159,'PE','18','Moquegua','active','1'),(2910,159,'PE','19','Pasco','active','1'),(2911,159,'PE','20','Piura','active','1'),(2912,159,'PE','21','Puno','active','1'),(2913,159,'PE','22','San Martin','active','1'),(2914,159,'PE','23','Tacna','active','1'),(2915,159,'PE','24','Tumbes','active','1'),(2916,159,'PE','25','Ucayali','active','1'),(2917,157,'PG','01','Central','active','1'),(2923,157,'PG','02','Gulf','active','1'),(2926,157,'PG','03','Milne Bay','active','1'),(2931,157,'PG','04','Northern','active','1'),(2933,157,'PG','05','Southern Highlands','active','1'),(2935,157,'PG','06','Western','active','1'),(2930,157,'PG','07','North Solomons','active','1'),(2918,157,'PG','08','Chimbu','active','1'),(2921,157,'PG','09','Eastern Highlands','active','1'),(2919,157,'PG','10','East New Britain','active','1'),(2920,157,'PG','11','East Sepik','active','1'),(2924,157,'PG','12','Madang','active','1'),(2925,157,'PG','13','Manus','active','1'),(2927,157,'PG','14','Morobe','active','1'),(2929,157,'PG','15','New Ireland','active','1'),(2936,157,'PG','16','Western Highlands','active','1'),(2934,157,'PG','17','West New Britain','active','1'),(2932,157,'PG','18','Sandaun','active','1'),(2922,157,'PG','19','Enga','active','1'),(2928,157,'PG','20','National Capital','active','1'),(2937,160,'PH','01','Abra','active','1'),(2938,160,'PH','02','Agusan del Norte','active','1'),(2939,160,'PH','03','Agusan del Sur','active','1'),(2940,160,'PH','04','Aklan','active','1'),(2941,160,'PH','05','Albay','active','1'),(2943,160,'PH','06','Antique','active','1'),(2951,160,'PH','07','Bataan','active','1'),(2952,160,'PH','08','Batanes','active','1'),(2953,160,'PH','09','Batangas','active','1'),(2955,160,'PH','10','Benguet','active','1'),(2956,160,'PH','11','Bohol','active','1'),(2957,160,'PH','12','Bukidnon','active','1'),(2958,160,'PH','13','Bulacan','active','1'),(2962,160,'PH','14','Cagayan','active','1'),(2966,160,'PH','15','Camarines Norte','active','1'),(2967,160,'PH','16','Camarines Sur','active','1'),(2968,160,'PH','17','Camiguin','active','1'),(2970,160,'PH','18','Capiz','active','1'),(2971,160,'PH','19','Catanduanes','active','1'),(2972,160,'PH','20','Cavite','active','1'),(2974,160,'PH','21','Cebu','active','1'),(2949,160,'PH','22','Basilan','active','1'),(2986,160,'PH','23','Eastern Samar','active','1'),(2980,160,'PH','24','Davao','active','1'),(2982,160,'PH','25','Davao del Sur','active','1'),(2983,160,'PH','26','Davao Oriental','active','1'),(2989,160,'PH','27','Ifugao','active','1'),(2991,160,'PH','28','Ilocos Norte','active','1'),(2992,160,'PH','29','Ilocos Sur','active','1'),(2993,160,'PH','30','Iloilo','active','1'),(2996,160,'PH','31','Isabela','active','1'),(2997,160,'PH','32','Kalinga-Apayao','active','1'),(3000,160,'PH','33','Laguna','active','1'),(3001,160,'PH','34','Lanao del Norte','active','1'),(3002,160,'PH','35','Lanao del Sur','active','1'),(2999,160,'PH','36','La Union','active','1'),(3006,160,'PH','37','Leyte','active','1'),(3013,160,'PH','38','Marinduque','active','1'),(3014,160,'PH','39','Masbate','active','1'),(3015,160,'PH','40','Mindoro Occidental','active','1'),(3016,160,'PH','41','Mindoro Oriental','active','1'),(3017,160,'PH','42','Misamis Occidental','active','1'),(3018,160,'PH','43','Misamis Oriental','active','1'),(3019,160,'PH','44','Mountain','active','1'),(3022,160,'PH','46','Negros Oriental','active','1'),(3025,160,'PH','47','Nueva Ecija','active','1'),(3026,160,'PH','48','Nueva Vizcaya','active','1'),(3032,160,'PH','49','Palawan','active','1'),(3034,160,'PH','50','Pampanga','active','1'),(3035,160,'PH','51','Pangasinan','active','1'),(3041,160,'PH','53','Rizal','active','1'),(3042,160,'PH','54','Romblon','active','1'),(3044,160,'PH','55','Samar','active','1'),(3009,160,'PH','56','Maguindanao','active','1'),(3023,160,'PH','57','North Cotabato','active','1'),(3051,160,'PH','58','Sorsogon','active','1'),(3053,160,'PH','59','Southern Leyte','active','1'),(3055,160,'PH','60','Sulu','active','1'),(3057,160,'PH','61','Surigao del Norte','active','1'),(3058,160,'PH','62','Surigao del Sur','active','1'),(3063,160,'PH','63','Tarlac','active','1'),(3067,160,'PH','64','Zambales','active','1'),(3069,160,'PH','65','Zamboanga del Norte','active','1'),(3070,160,'PH','66','Zamboanga del Sur','active','1'),(3024,160,'PH','67','Northern Samar','active','1'),(3040,160,'PH','68','Quirino','active','1'),(3050,160,'PH','69','Siquijor','active','1'),(3052,160,'PH','70','South Cotabato','active','1'),(3054,160,'PH','71','Sultan Kudarat','active','1'),(3064,160,'PH','72','Tawitawi','active','1'),(2942,160,'PH','A1','Angeles','active','1'),(2945,160,'PH','A2','Bacolod','active','1'),(2946,160,'PH','A3','Bago','active','1'),(2947,160,'PH','A4','Baguio','active','1'),(2948,160,'PH','A5','Bais','active','1'),(2950,160,'PH','A6','Basilan City','active','1'),(2954,160,'PH','A7','Batangas City','active','1'),(2959,160,'PH','A8','Butuan','active','1'),(2960,160,'PH','A9','Cabanatuan','active','1'),(2961,160,'PH','B1','Cadiz','active','1'),(2963,160,'PH','B2','Cagayan de Oro','active','1'),(2964,160,'PH','B3','Calbayog','active','1'),(2965,160,'PH','B4','Caloocan','active','1'),(2969,160,'PH','B5','Canlaon','active','1'),(2973,160,'PH','B6','Cavite City','active','1'),(2975,160,'PH','B7','Cebu City','active','1'),(2976,160,'PH','B8','Cotabato','active','1'),(2977,160,'PH','B9','Dagupan','active','1'),(2978,160,'PH','C1','Danao','active','1'),(2979,160,'PH','C2','Dapitan','active','1'),(2981,160,'PH','C3','Davao City','active','1'),(2984,160,'PH','C4','Dipolog','active','1'),(2985,160,'PH','C5','Dumaguete','active','1'),(2987,160,'PH','C6','General Santos','active','1'),(2988,160,'PH','C7','Gingoog','active','1'),(2990,160,'PH','C8','Iligan','active','1'),(2994,160,'PH','C9','Iloilo City','active','1'),(2995,160,'PH','D1','Iriga','active','1'),(2998,160,'PH','D2','La Carlota','active','1'),(3003,160,'PH','D3','Laoag','active','1'),(3004,160,'PH','D4','Lapu-Lapu','active','1'),(3005,160,'PH','D5','Legaspi','active','1'),(3007,160,'PH','D6','Lipa','active','1'),(3008,160,'PH','D7','Lucena','active','1'),(3010,160,'PH','D8','Mandaue','active','1'),(3011,160,'PH','D9','Manila','active','1'),(3012,160,'PH','E1','Marawi','active','1'),(3020,160,'PH','E2','Naga','active','1'),(3027,160,'PH','E3','Olongapo','active','1'),(3028,160,'PH','E4','Ormoc','active','1'),(3029,160,'PH','E5','Oroquieta','active','1'),(3030,160,'PH','E6','Ozamis','active','1'),(3031,160,'PH','E7','Pagadian','active','1'),(3033,160,'PH','E8','Palayan','active','1'),(3036,160,'PH','E9','Pasay','active','1'),(3037,160,'PH','F1','Puerto Princesa','active','1'),(3039,160,'PH','F2','Quezon City','active','1'),(3043,160,'PH','F3','Roxas','active','1'),(3046,160,'PH','F4','San Carlos','active','1'),(3045,160,'PH','F5','San Carlos','active','1'),(3047,160,'PH','F6','San Jose','active','1'),(3048,160,'PH','F7','San Pablo','active','1'),(3049,160,'PH','F8','Silay','active','1'),(3056,160,'PH','F9','Surigao','active','1'),(3059,160,'PH','G1','Tacloban','active','1'),(3060,160,'PH','G2','Tagaytay','active','1'),(3061,160,'PH','G3','Tagbilaran','active','1'),(3062,160,'PH','G4','Tangub','active','1'),(3065,160,'PH','G5','Toledo','active','1'),(3066,160,'PH','G6','Trece Martires','active','1'),(3068,160,'PH','G7','Zamboanga','active','1'),(2944,160,'PH','G8','Aurora','active','1'),(3038,160,'PH','H2','Quezon','active','1'),(3021,160,'PH','H3','Negros Occidental','active','1'),(3073,154,'PK','01','Federally Administered Tribal Areas','active','1'),(3072,154,'PK','02','Balochistan','active','1'),(3075,154,'PK','03','North-West Frontier','active','1'),(3077,154,'PK','04','Punjab','active','1'),(3078,154,'PK','05','Sindh','active','1'),(3071,154,'PK','06','Azad Kashmir','active','1'),(3076,154,'PK','07','Northern Areas','active','1'),(3074,154,'PK','08','Islamabad','active','1'),(3079,162,'PL','23','Biala Podlaska','active','1'),(3080,162,'PL','24','Bialystok','active','1'),(3081,162,'PL','25','Bielsko','active','1'),(3082,162,'PL','26','Bydgoszcz','active','1'),(3083,162,'PL','27','Chelm','active','1'),(3084,162,'PL','28','Ciechanow','active','1'),(3085,162,'PL','29','Czestochowa','active','1'),(3087,162,'PL','30','Elblag','active','1'),(3088,162,'PL','31','Gdansk','active','1'),(3089,162,'PL','32','Gorzow','active','1'),(3090,162,'PL','33','Jelenia Gora','active','1'),(3091,162,'PL','34','Kalisz','active','1'),(3092,162,'PL','35','Katowice','active','1'),(3093,162,'PL','36','Kielce','active','1'),(3094,162,'PL','37','Konin','active','1'),(3095,162,'PL','38','Koszalin','active','1'),(3096,162,'PL','39','Krakow','active','1'),(3097,162,'PL','40','Krosno','active','1'),(3099,162,'PL','41','Legnica','active','1'),(3100,162,'PL','42','Leszno','active','1'),(3101,162,'PL','43','Lodz','active','1'),(3103,162,'PL','44','Lomza','active','1'),(3105,162,'PL','45','Lublin','active','1'),(3109,162,'PL','46','Nowy Sacz','active','1'),(3110,162,'PL','47','Olsztyn','active','1'),(3111,162,'PL','48','Opole','active','1'),(3113,162,'PL','49','Ostroleka','active','1'),(3114,162,'PL','50','Pila','active','1'),(3115,162,'PL','51','Piotrkow','active','1'),(3116,162,'PL','52','Plock','active','1'),(3120,162,'PL','53','Poznan','active','1'),(3121,162,'PL','54','Przemysl','active','1'),(3122,162,'PL','55','Radom','active','1'),(3123,162,'PL','56','Rzeszow','active','1'),(3124,162,'PL','57','Siedlce','active','1'),(3125,162,'PL','58','Sieradz','active','1'),(3126,162,'PL','59','Skierniewice','active','1'),(3128,162,'PL','60','Slupsk','active','1'),(3129,162,'PL','61','Suwalki','active','1'),(3131,162,'PL','62','Szczecin','active','1'),(3132,162,'PL','63','Tarnobrzeg','active','1'),(3133,162,'PL','64','Tarnow','active','1'),(3134,162,'PL','65','Torun','active','1'),(3135,162,'PL','66','Walbrzych','active','1'),(3137,162,'PL','67','Warszawa','active','1'),(3139,162,'PL','68','Wloclawek','active','1'),(3140,162,'PL','69','Wroclaw','active','1'),(3142,162,'PL','70','Zamosc','active','1'),(3143,162,'PL','71','Zielona Gora','active','1'),(3086,162,'PL','72','Dolnoslaskie','active','1'),(3098,162,'PL','73','Kujawsko-Pomorskie','active','1'),(3102,162,'PL','74','Lodzkie','active','1'),(3104,162,'PL','75','Lubelskie','active','1'),(3106,162,'PL','76','Lubuskie','active','1'),(3107,162,'PL','77','Malopolskie','active','1'),(3108,162,'PL','78','Mazowieckie','active','1'),(3112,162,'PL','79','Opolskie','active','1'),(3117,162,'PL','80','Podkarpackie','active','1'),(3118,162,'PL','81','Podlaskie','active','1'),(3119,162,'PL','82','Pomorskie','active','1'),(3127,162,'PL','83','Slaskie','active','1'),(3130,162,'PL','84','Swietokrzyskie','active','1'),(3136,162,'PL','85','Warminsko-Mazurskie','active','1'),(3138,162,'PL','86','Wielkopolskie','active','1'),(3141,162,'PL','87','Zachodniopomorskie','active','1'),(3144,238,'PS','GZ','Gaza','active','1'),(3145,238,'PS','WE','West Bank','active','1'),(3146,163,'PT','02','Aveiro','active','1'),(3148,163,'PT','03','Beja','active','1'),(3149,163,'PT','04','Braga','active','1'),(3150,163,'PT','05','Braganca','active','1'),(3151,163,'PT','06','Castelo Branco','active','1'),(3152,163,'PT','07','Coimbra','active','1'),(3153,163,'PT','08','Evora','active','1'),(3154,163,'PT','09','Faro','active','1'),(3158,163,'PT','10','Madeira','active','1'),(3155,163,'PT','11','Guarda','active','1'),(3156,163,'PT','13','Leiria','active','1'),(3157,163,'PT','14','Lisboa','active','1'),(3159,163,'PT','16','Portalegre','active','1'),(3160,163,'PT','17','Porto','active','1'),(3161,163,'PT','18','Santarem','active','1'),(3162,163,'PT','19','Setubal','active','1'),(3163,163,'PT','20','Viana do Castelo','active','1'),(3164,163,'PT','21','Vila Real','active','1'),(3165,163,'PT','22','Viseu','active','1'),(3147,163,'PT','23','Azores','active','1'),(3167,158,'PY','01','Alto Parana','active','1'),(3168,158,'PY','02','Amambay','active','1'),(3169,158,'PY','03','Boqueron','active','1'),(3170,158,'PY','04','Caaguazu','active','1'),(3171,158,'PY','05','Caazapa','active','1'),(3173,158,'PY','06','Central','active','1'),(3175,158,'PY','07','Concepcion','active','1'),(3176,158,'PY','08','Cordillera','active','1'),(3177,158,'PY','10','Guaira','active','1'),(3178,158,'PY','11','Itapua','active','1'),(3179,158,'PY','12','Misiones','active','1'),(3180,158,'PY','13','Neembucu','active','1'),(3182,158,'PY','15','Paraguari','active','1'),(3183,158,'PY','16','Presidente Hayes','active','1'),(3184,158,'PY','17','San Pedro','active','1'),(3172,158,'PY','19','Canindeyu','active','1'),(3174,158,'PY','20','Chaco','active','1'),(3181,158,'PY','21','Nueva Asuncion','active','1'),(3166,158,'PY','23','Alto Paraguay','active','1'),(3185,165,'QA','01','Ad Dawhah','active','1'),(3186,165,'QA','02','Al Ghuwariyah','active','1'),(3187,165,'QA','03','Al Jumaliyah','active','1'),(3188,165,'QA','04','Al Khawr','active','1'),(3190,165,'QA','05','Al Wakrah Municipality','active','1'),(3191,165,'QA','06','Ar Rayyan','active','1'),(3193,165,'QA','08','Madinat ach Shamal','active','1'),(3195,165,'QA','09','Umm Salal','active','1'),(3189,165,'QA','10','Al Wakrah','active','1'),(3192,165,'QA','11','Jariyan al Batnah','active','1'),(3194,165,'QA','12','Umm Sa\'id','active','1'),(3196,167,'RO','01','Alba','active','1'),(3197,167,'RO','02','Arad','active','1'),(3198,167,'RO','03','Arges','active','1'),(3199,167,'RO','04','Bacau','active','1'),(3200,167,'RO','05','Bihor','active','1'),(3201,167,'RO','06','Bistrita-Nasaud','active','1'),(3202,167,'RO','07','Botosani','active','1'),(3203,167,'RO','08','Braila','active','1'),(3204,167,'RO','09','Brasov','active','1'),(3205,167,'RO','10','Bucuresti','active','1'),(3206,167,'RO','11','Buzau','active','1'),(3208,167,'RO','12','Caras-Severin','active','1'),(3209,167,'RO','13','Cluj','active','1'),(3210,167,'RO','14','Constanta','active','1'),(3211,167,'RO','15','Covasna','active','1'),(3212,167,'RO','16','Dambovita','active','1'),(3213,167,'RO','17','Dolj','active','1'),(3214,167,'RO','18','Galati','active','1'),(3216,167,'RO','19','Gorj','active','1'),(3217,167,'RO','20','Harghita','active','1'),(3218,167,'RO','21','Hunedoara','active','1'),(3219,167,'RO','22','Ialomita','active','1'),(3220,167,'RO','23','Iasi','active','1'),(3222,167,'RO','25','Maramures','active','1'),(3223,167,'RO','26','Mehedinti','active','1'),(3224,167,'RO','27','Mures','active','1'),(3225,167,'RO','28','Neamt','active','1'),(3226,167,'RO','29','Olt','active','1'),(3227,167,'RO','30','Prahova','active','1'),(3228,167,'RO','31','Salaj','active','1'),(3229,167,'RO','32','Satu Mare','active','1'),(3230,167,'RO','33','Sibiu','active','1'),(3231,167,'RO','34','Suceava','active','1'),(3232,167,'RO','35','Teleorman','active','1'),(3233,167,'RO','36','Timis','active','1'),(3234,167,'RO','37','Tulcea','active','1'),(3236,167,'RO','38','Vaslui','active','1'),(3235,167,'RO','39','Valcea','active','1'),(3237,167,'RO','40','Vrancea','active','1'),(3207,167,'RO','41','Calarasi','active','1'),(3215,167,'RO','42','Giurgiu','active','1'),(3221,167,'RO','43','Ilfov','active','1'),(3239,239,'RS','00','Serbia proper','active','1'),(3238,239,'RS','01','Kosovo','active','1'),(3240,239,'RS','02','Vojvodina','active','1'),(3241,168,'RU','01','Adygeya, Republic of','active','1'),(3242,168,'RU','02','Aginsky Buryatsky AO','active','1'),(3258,168,'RU','03','Gorno-Altay','active','1'),(3243,168,'RU','04','Altaisky krai','active','1'),(3244,168,'RU','05','Amur','active','1'),(3245,168,'RU','06','Arkhangel\'sk','active','1'),(3246,168,'RU','07','Astrakhan\'','active','1'),(3247,168,'RU','08','Bashkortostan','active','1'),(3248,168,'RU','09','Belgorod','active','1'),(3249,168,'RU','10','Bryansk','active','1'),(3250,168,'RU','11','Buryat','active','1'),(3251,168,'RU','12','Chechnya','active','1'),(3252,168,'RU','13','Chelyabinsk','active','1'),(3253,168,'RU','14','Chita','active','1'),(3254,168,'RU','15','Chukot','active','1'),(3255,168,'RU','16','Chuvashia','active','1'),(3256,168,'RU','17','Dagestan','active','1'),(3257,168,'RU','18','Evenk','active','1'),(3259,168,'RU','19','Ingush','active','1'),(3260,168,'RU','20','Irkutsk','active','1'),(3261,168,'RU','21','Ivanovo','active','1'),(3262,168,'RU','22','Kabardin-Balkar','active','1'),(3263,168,'RU','23','Kaliningrad','active','1'),(3264,168,'RU','24','Kalmyk','active','1'),(3265,168,'RU','25','Kaluga','active','1'),(3266,168,'RU','26','Kamchatka','active','1'),(3267,168,'RU','27','Karachay-Cherkess','active','1'),(3268,168,'RU','28','Karelia','active','1'),(3269,168,'RU','29','Kemerovo','active','1'),(3270,168,'RU','30','Khabarovsk','active','1'),(3271,168,'RU','31','Khakass','active','1'),(3272,168,'RU','32','Khanty-Mansiy','active','1'),(3273,168,'RU','33','Kirov','active','1'),(3274,168,'RU','34','Komi','active','1'),(3275,168,'RU','35','Komi-Permyak','active','1'),(3276,168,'RU','36','Koryak','active','1'),(3277,168,'RU','37','Kostroma','active','1'),(3278,168,'RU','38','Krasnodar','active','1'),(3279,168,'RU','39','Krasnoyarsk','active','1'),(3281,168,'RU','40','Kurgan','active','1'),(3282,168,'RU','41','Kursk','active','1'),(3283,168,'RU','42','Leningrad','active','1'),(3284,168,'RU','43','Lipetsk','active','1'),(3285,168,'RU','44','Magadan','active','1'),(3286,168,'RU','45','Mariy-El','active','1'),(3287,168,'RU','46','Mordovia','active','1'),(3289,168,'RU','47','Moskva','active','1'),(3288,168,'RU','48','Moscow City','active','1'),(3290,168,'RU','49','Murmansk','active','1'),(3291,168,'RU','50','Nenets','active','1'),(3292,168,'RU','51','Nizhegorod','active','1'),(3294,168,'RU','52','Novgorod','active','1'),(3295,168,'RU','53','Novosibirsk','active','1'),(3296,168,'RU','54','Omsk','active','1'),(3298,168,'RU','55','Orenburg','active','1'),(3297,168,'RU','56','Orel','active','1'),(3299,168,'RU','57','Penza','active','1'),(3300,168,'RU','58','Perm\'','active','1'),(3302,168,'RU','59','Primor\'ye','active','1'),(3303,168,'RU','60','Pskov','active','1'),(3304,168,'RU','61','Rostov','active','1'),(3305,168,'RU','62','Ryazan\'','active','1'),(3307,168,'RU','63','Sakha','active','1'),(3308,168,'RU','64','Sakhalin','active','1'),(3309,168,'RU','65','Samara','active','1'),(3306,168,'RU','66','Saint Petersburg City','active','1'),(3310,168,'RU','67','Saratov','active','1'),(3293,168,'RU','68','North Ossetia','active','1'),(3311,168,'RU','69','Smolensk','active','1'),(3312,168,'RU','70','Stavropol\'','active','1'),(3313,168,'RU','71','Sverdlovsk','active','1'),(3314,168,'RU','72','Tambovskaya oblast','active','1'),(3315,168,'RU','73','Tatarstan','active','1'),(3316,168,'RU','74','Taymyr','active','1'),(3317,168,'RU','75','Tomsk','active','1'),(3318,168,'RU','76','Tula','active','1'),(3320,168,'RU','77','Tver\'','active','1'),(3321,168,'RU','78','Tyumen\'','active','1'),(3319,168,'RU','79','Tuva','active','1'),(3322,168,'RU','80','Udmurt','active','1'),(3323,168,'RU','81','Ul\'yanovsk','active','1'),(3324,168,'RU','82','Ust-Orda Buryat','active','1'),(3325,168,'RU','83','Vladimir','active','1'),(3326,168,'RU','84','Volgograd','active','1'),(3327,168,'RU','85','Vologda','active','1'),(3328,168,'RU','86','Voronezh','active','1'),(3329,168,'RU','87','Yamal-Nenets','active','1'),(3330,168,'RU','88','Yaroslavl\'','active','1'),(3331,168,'RU','89','Yevrey','active','1'),(3301,168,'RU','90','Permskiy Kray','active','1'),(3280,168,'RU','91','Krasnoyarskiy Kray','active','1'),(3332,169,'RW','01','Butare','active','1'),(3334,169,'RW','06','Gitarama','active','1'),(3335,169,'RW','09','Kigali','active','1'),(3333,169,'RW','11','Est','active','1'),(3336,169,'RW','12','Kigali','active','1'),(3337,169,'RW','13','Nord','active','1'),(3338,169,'RW','14','Ouest','active','1'),(3339,169,'RW','15','Sud','active','1'),(3340,177,'SA','02','Al Bahah','active','1'),(3343,177,'SA','03','Al Jawf','active','1'),(3344,177,'SA','05','Al Madinah','active','1'),(3348,177,'SA','06','Ash Sharqiyah','active','1'),(3345,177,'SA','08','Al Qasim','active','1'),(3346,177,'SA','09','Al Qurayyat','active','1'),(3347,177,'SA','10','Ar Riyad','active','1'),(3349,177,'SA','13','Ha\'il','active','1'),(3351,177,'SA','14','Makkah','active','1'),(3341,177,'SA','15','Al Hudud ash Shamaliyah','active','1'),(3352,177,'SA','16','Najran','active','1'),(3350,177,'SA','17','Jizan','active','1'),(3353,177,'SA','19','Tabuk','active','1'),(3342,177,'SA','20','Al Jawf','active','1'),(3359,185,'SB','03','Malaita','active','1'),(3356,185,'SB','06','Guadalcanal','active','1'),(3357,185,'SB','07','Isabel','active','1'),(3358,185,'SB','08','Makira','active','1'),(3361,185,'SB','09','Temotu','active','1'),(3354,185,'SB','10','Central','active','1'),(3362,185,'SB','11','Western','active','1'),(3355,185,'SB','12','Choiseul','active','1'),(3360,185,'SB','13','Rennell and Bellona','active','1'),(3363,180,'SC','01','Anse aux Pins','active','1'),(3364,180,'SC','02','Anse Boileau','active','1'),(3365,180,'SC','03','Anse Etoile','active','1'),(3366,180,'SC','04','Anse Louis','active','1'),(3367,180,'SC','05','Anse Royale','active','1'),(3368,180,'SC','06','Baie Lazare','active','1'),(3369,180,'SC','07','Baie Sainte Anne','active','1'),(3370,180,'SC','08','Beau Vallon','active','1'),(3371,180,'SC','09','Bel Air','active','1'),(3372,180,'SC','10','Bel Ombre','active','1'),(3373,180,'SC','11','Cascade','active','1'),(3374,180,'SC','12','Glacis','active','1'),(3375,180,'SC','13','Grand\' Anse','active','1'),(3376,180,'SC','14','Grand\' Anse','active','1'),(3377,180,'SC','15','La Digue','active','1'),(3378,180,'SC','16','La Riviere Anglaise','active','1'),(3379,180,'SC','17','Mont Buxton','active','1'),(3380,180,'SC','18','Mont Fleuri','active','1'),(3381,180,'SC','19','Plaisance','active','1'),(3382,180,'SC','20','Pointe La Rue','active','1'),(3383,180,'SC','21','Port Glaud','active','1'),(3384,180,'SC','22','Saint Louis','active','1'),(3385,180,'SC','23','Takamaka','active','1'),(3388,191,'SD','27','Al Wusta','active','1'),(3386,191,'SD','28','Al Istiwa\'iyah','active','1'),(3387,191,'SD','29','Al Khartum','active','1'),(3389,191,'SD','30','Ash Shamaliyah','active','1'),(3390,191,'SD','31','Ash Sharqiyah','active','1'),(3391,191,'SD','32','Bahr al Ghazal','active','1'),(3392,191,'SD','33','Darfur','active','1'),(3393,191,'SD','34','Kurdufan','active','1'),(3394,191,'SD','35','Upper Nile','active','1'),(3395,194,'SE','01','Alvsborgs Lan','active','1'),(3396,194,'SE','02','Blekinge Lan','active','1'),(3398,194,'SE','03','Gavleborgs Lan','active','1'),(3399,194,'SE','04','Goteborgs och Bohus Lan','active','1'),(3400,194,'SE','05','Gotlands Lan','active','1'),(3401,194,'SE','06','Hallands Lan','active','1'),(3402,194,'SE','07','Jamtlands Lan','active','1'),(3403,194,'SE','08','Jonkopings Lan','active','1'),(3404,194,'SE','09','Kalmar Lan','active','1'),(3397,194,'SE','10','Dalarnas Lan','active','1'),(3405,194,'SE','11','Kristianstads Lan','active','1'),(3406,194,'SE','12','Kronobergs Lan','active','1'),(3407,194,'SE','13','Malmohus Lan','active','1'),(3408,194,'SE','14','Norrbottens Lan','active','1'),(3409,194,'SE','15','Orebro Lan','active','1'),(3410,194,'SE','16','Ostergotlands Lan','active','1'),(3412,194,'SE','17','Skaraborgs Lan','active','1'),(3413,194,'SE','18','Sodermanlands Lan','active','1'),(3415,194,'SE','21','Uppsala Lan','active','1'),(3416,194,'SE','22','Varmlands Lan','active','1'),(3417,194,'SE','23','Vasterbottens Lan','active','1'),(3418,194,'SE','24','Vasternorrlands Lan','active','1'),(3419,194,'SE','25','Vastmanlands Lan','active','1'),(3414,194,'SE','26','Stockholms Lan','active','1'),(3411,194,'SE','27','Skane Lan','active','1'),(3420,194,'SE','28','Vastra Gotaland','active','1'),(3421,0,'SH','01','Ascension','active','1'),(3422,0,'SH','02','Saint Helena','active','1'),(3423,0,'SH','03','Tristan da Cunha','active','1'),(3424,184,'SI','01','Ajdovscina','active','1'),(3425,184,'SI','02','Beltinci','active','1'),(3426,184,'SI','03','Bled','active','1'),(3427,184,'SI','04','Bohinj','active','1'),(3428,184,'SI','05','Borovnica','active','1'),(3429,184,'SI','06','Bovec','active','1'),(3430,184,'SI','07','Brda','active','1'),(3431,184,'SI','08','Brezice','active','1'),(3432,184,'SI','09','Brezovica','active','1'),(3433,184,'SI','11','Celje','active','1'),(3434,184,'SI','12','Cerklje na Gorenjskem','active','1'),(3435,184,'SI','13','Cerknica','active','1'),(3436,184,'SI','14','Cerkno','active','1'),(3437,184,'SI','15','Crensovci','active','1'),(3438,184,'SI','16','Crna na Koroskem','active','1'),(3439,184,'SI','17','Crnomelj','active','1'),(3440,184,'SI','19','Divaca','active','1'),(3441,184,'SI','20','Dobrepolje','active','1'),(3443,184,'SI','22','Dol pri Ljubljani','active','1'),(3445,184,'SI','24','Dornava','active','1'),(3446,184,'SI','25','Dravograd','active','1'),(3447,184,'SI','26','Duplek','active','1'),(3448,184,'SI','27','Gorenja Vas-Poljane','active','1'),(3449,184,'SI','28','Gorisnica','active','1'),(3450,184,'SI','29','Gornja Radgona','active','1'),(3451,184,'SI','30','Gornji Grad','active','1'),(3452,184,'SI','31','Gornji Petrovci','active','1'),(3453,184,'SI','32','Grosuplje','active','1'),(3454,184,'SI','34','Hrastnik','active','1'),(3455,184,'SI','35','Hrpelje-Kozina','active','1'),(3456,184,'SI','36','Idrija','active','1'),(3457,184,'SI','37','Ig','active','1'),(3458,184,'SI','38','Ilirska Bistrica','active','1'),(3459,184,'SI','39','Ivancna Gorica','active','1'),(3460,184,'SI','40','Izola-Isola','active','1'),(3462,184,'SI','42','Jursinci','active','1'),(3464,184,'SI','44','Kanal','active','1'),(3465,184,'SI','45','Kidricevo','active','1'),(3466,184,'SI','46','Kobarid','active','1'),(3467,184,'SI','47','Kobilje','active','1'),(3469,184,'SI','49','Komen','active','1'),(3470,184,'SI','50','Koper-Capodistria','active','1'),(3471,184,'SI','51','Kozje','active','1'),(3472,184,'SI','52','Kranj','active','1'),(3473,184,'SI','53','Kranjska Gora','active','1'),(3474,184,'SI','54','Krsko','active','1'),(3475,184,'SI','55','Kungota','active','1'),(3477,184,'SI','57','Lasko','active','1'),(3480,184,'SI','61','Ljubljana','active','1'),(3481,184,'SI','62','Ljubno','active','1'),(3483,184,'SI','64','Logatec','active','1'),(3485,184,'SI','66','Loski Potok','active','1'),(3487,184,'SI','68','Lukovica','active','1'),(3490,184,'SI','71','Medvode','active','1'),(3491,184,'SI','72','Menges','active','1'),(3492,184,'SI','73','Metlika','active','1'),(3493,184,'SI','74','Mezica','active','1'),(3495,184,'SI','76','Mislinja','active','1'),(3496,184,'SI','77','Moravce','active','1'),(3497,184,'SI','78','Moravske Toplice','active','1'),(3498,184,'SI','79','Mozirje','active','1'),(3499,184,'SI','80','Murska Sobota','active','1'),(3500,184,'SI','81','Muta','active','1'),(3501,184,'SI','82','Naklo','active','1'),(3502,184,'SI','83','Nazarje','active','1'),(3503,184,'SI','84','Nova Gorica','active','1'),(3505,184,'SI','86','Odranci','active','1'),(3506,184,'SI','87','Ormoz','active','1'),(3507,184,'SI','88','Osilnica','active','1'),(3508,184,'SI','89','Pesnica','active','1'),(3510,184,'SI','91','Pivka','active','1'),(3511,184,'SI','92','Podcetrtek','active','1'),(3512,184,'SI','94','Postojna','active','1'),(3515,184,'SI','97','Puconci','active','1'),(3516,184,'SI','98','Racam','active','1'),(3517,184,'SI','99','Radece','active','1'),(3518,184,'SI','A1','Radenci','active','1'),(3519,184,'SI','A2','Radlje ob Dravi','active','1'),(3520,184,'SI','A3','Radovljica','active','1'),(3523,184,'SI','A6','Rogasovci','active','1'),(3522,184,'SI','A7','Rogaska Slatina','active','1'),(3524,184,'SI','A8','Rogatec','active','1'),(3526,184,'SI','B1','Semic','active','1'),(3527,184,'SI','B2','Sencur','active','1'),(3528,184,'SI','B3','Sentilj','active','1'),(3529,184,'SI','B4','Sentjernej','active','1'),(3531,184,'SI','B6','Sevnica','active','1'),(3532,184,'SI','B7','Sezana','active','1'),(3533,184,'SI','B8','Skocjan','active','1'),(3534,184,'SI','B9','Skofja Loka','active','1'),(3535,184,'SI','C1','Skofljica','active','1'),(3536,184,'SI','C2','Slovenj Gradec','active','1'),(3538,184,'SI','C4','Slovenske Konjice','active','1'),(3539,184,'SI','C5','Smarje pri Jelsah','active','1'),(3540,184,'SI','C6','Smartno ob Paki','active','1'),(3541,184,'SI','C7','Sostanj','active','1'),(3542,184,'SI','C8','Starse','active','1'),(3543,184,'SI','C9','Store','active','1'),(3544,184,'SI','D1','Sveti Jurij','active','1'),(3545,184,'SI','D2','Tolmin','active','1'),(3546,184,'SI','D3','Trbovlje','active','1'),(3547,184,'SI','D4','Trebnje','active','1'),(3548,184,'SI','D5','Trzic','active','1'),(3549,184,'SI','D6','Turnisce','active','1'),(3550,184,'SI','D7','Velenje','active','1'),(3551,184,'SI','D8','Velike Lasce','active','1'),(3553,184,'SI','E1','Vipava','active','1'),(3554,184,'SI','E2','Vitanje','active','1'),(3555,184,'SI','E3','Vodice','active','1'),(3557,184,'SI','E5','Vrhnika','active','1'),(3558,184,'SI','E6','Vuzenica','active','1'),(3559,184,'SI','E7','Zagorje ob Savi','active','1'),(3561,184,'SI','E9','Zavrc','active','1'),(3562,184,'SI','F1','Zelezniki','active','1'),(3563,184,'SI','F2','Ziri','active','1'),(3564,184,'SI','F3','Zrece','active','1'),(3442,184,'SI','G4','Dobrova-Horjul-Polhov Gradec','active','1'),(3444,184,'SI','G7','Domzale','active','1'),(3461,184,'SI','H4','Jesenice','active','1'),(3463,184,'SI','H6','Kamnik','active','1'),(3468,184,'SI','H7','Kocevje','active','1'),(3476,184,'SI','I2','Kuzma','active','1'),(3478,184,'SI','I3','Lenart','active','1'),(3479,184,'SI','I5','Litija','active','1'),(3482,184,'SI','I6','Ljutomer','active','1'),(3484,184,'SI','I7','Loska Dolina','active','1'),(3486,184,'SI','I9','Luce','active','1'),(3488,184,'SI','J1','Majsperk','active','1'),(3489,184,'SI','J2','Maribor','active','1'),(3494,184,'SI','J5','Miren-Kostanjevica','active','1'),(3504,184,'SI','J7','Novo Mesto','active','1'),(3509,184,'SI','J9','Piran','active','1'),(3513,184,'SI','K5','Preddvor','active','1'),(3514,184,'SI','K7','Ptuj','active','1'),(3521,184,'SI','L1','Ribnica','active','1'),(3525,184,'SI','L3','Ruse','active','1'),(3530,184,'SI','L7','Sentjur pri Celju','active','1'),(3537,184,'SI','L8','Slovenska Bistrica','active','1'),(3552,184,'SI','N2','Videm','active','1'),(3556,184,'SI','N3','Vojnik','active','1'),(3560,184,'SI','N5','Zalec','active','1'),(3565,183,'SK','01','Banska Bystrica','active','1'),(3566,183,'SK','02','Bratislava','active','1'),(3567,183,'SK','03','Kosice','active','1'),(3568,183,'SK','04','Nitra','active','1'),(3569,183,'SK','05','Presov','active','1'),(3570,183,'SK','06','Trencin','active','1'),(3571,183,'SK','07','Trnava','active','1'),(3572,183,'SK','08','Zilina','active','1'),(3573,181,'SL','01','Eastern','active','1'),(3574,181,'SL','02','Northern','active','1'),(3575,181,'SL','03','Southern','active','1'),(3576,181,'SL','04','Western Area','active','1'),(3577,175,'SM','01','Acquaviva','active','1'),(3579,175,'SM','02','Chiesanuova','active','1'),(3580,175,'SM','03','Domagnano','active','1'),(3581,175,'SM','04','Faetano','active','1'),(3582,175,'SM','05','Fiorentino','active','1'),(3578,175,'SM','06','Borgo Maggiore','active','1'),(3584,175,'SM','07','San Marino','active','1'),(3583,175,'SM','08','Monte Giardino','active','1'),(3585,175,'SM','09','Serravalle','active','1'),(3586,178,'SN','01','Dakar','active','1'),(3587,178,'SN','03','Diourbel','active','1'),(3593,178,'SN','04','Saint-Louis','active','1'),(3595,178,'SN','05','Tambacounda','active','1'),(3596,178,'SN','07','Thies','active','1'),(3588,178,'SN','09','Fatick','active','1'),(3589,178,'SN','10','Kaolack','active','1'),(3590,178,'SN','11','Kolda','active','1'),(3597,178,'SN','12','Ziguinchor','active','1'),(3591,178,'SN','13','Louga','active','1'),(3594,178,'SN','14','Saint-Louis','active','1'),(3592,178,'SN','15','Matam','active','1'),(3599,186,'SO','01','Bakool','active','1'),(3600,186,'SO','02','Banaadir','active','1'),(3601,186,'SO','03','Bari','active','1'),(3602,186,'SO','04','Bay','active','1'),(3603,186,'SO','05','Galguduud','active','1'),(3604,186,'SO','06','Gedo','active','1'),(3605,186,'SO','07','Hiiraan','active','1'),(3606,186,'SO','08','Jubbada Dhexe','active','1'),(3607,186,'SO','09','Jubbada Hoose','active','1'),(3608,186,'SO','10','Mudug','active','1'),(3609,186,'SO','11','Nugaal','active','1'),(3611,186,'SO','12','Sanaag','active','1'),(3612,186,'SO','13','Shabeellaha Dhexe','active','1'),(3613,186,'SO','14','Shabeellaha Hoose','active','1'),(3617,186,'SO','16','Woqooyi Galbeed','active','1'),(3610,186,'SO','18','Nugaal','active','1'),(3615,186,'SO','19','Togdheer','active','1'),(3616,186,'SO','20','Woqooyi Galbeed','active','1'),(3598,186,'SO','21','Awdal','active','1'),(3614,186,'SO','22','Sool','active','1'),(3618,192,'SR','10','Brokopondo','active','1'),(3619,192,'SR','11','Commewijne','active','1'),(3620,192,'SR','12','Coronie','active','1'),(3621,192,'SR','13','Marowijne','active','1'),(3622,192,'SR','14','Nickerie','active','1'),(3623,192,'SR','15','Para','active','1'),(3624,192,'SR','16','Paramaribo','active','1'),(3625,192,'SR','17','Saramacca','active','1'),(3626,192,'SR','18','Sipaliwini','active','1'),(3627,192,'SR','19','Wanica','active','1'),(3628,176,'ST','01','Principe','active','1'),(3629,176,'ST','02','Sao Tome','active','1'),(3630,61,'SV','01','Ahuachapan','active','1'),(3631,61,'SV','02','Cabanas','active','1'),(3632,61,'SV','03','Chalatenango','active','1'),(3633,61,'SV','04','Cuscatlan','active','1'),(3634,61,'SV','05','La Libertad','active','1'),(3635,61,'SV','06','La Paz','active','1'),(3636,61,'SV','07','La Union','active','1'),(3637,61,'SV','08','Morazan','active','1'),(3638,61,'SV','09','San Miguel','active','1'),(3639,61,'SV','10','San Salvador','active','1'),(3641,61,'SV','11','Santa Ana','active','1'),(3640,61,'SV','12','San Vicente','active','1'),(3642,61,'SV','13','Sonsonate','active','1'),(3643,61,'SV','14','Usulutan','active','1'),(3644,196,'SY','01','Al Hasakah','active','1'),(3645,196,'SY','02','Al Ladhiqiyah','active','1'),(3646,196,'SY','03','Al Qunaytirah','active','1'),(3647,196,'SY','04','Ar Raqqah','active','1'),(3648,196,'SY','05','As Suwayda\'','active','1'),(3649,196,'SY','06','Dar','active','1'),(3650,196,'SY','07','Dayr az Zawr','active','1'),(3656,196,'SY','08','Rif Dimashq','active','1'),(3652,196,'SY','09','Halab','active','1'),(3653,196,'SY','10','Hamah','active','1'),(3654,196,'SY','11','Hims','active','1'),(3655,196,'SY','12','Idlib','active','1'),(3651,196,'SY','13','Dimashq','active','1'),(3657,196,'SY','14','Tartus','active','1'),(3658,193,'SZ','01','Hhohho','active','1'),(3659,193,'SZ','02','Lubombo','active','1'),(3660,193,'SZ','03','Manzini','active','1'),(3662,193,'SZ','04','Shiselweni','active','1'),(3661,193,'SZ','05','Praslin','active','1'),(3663,41,'TD','01','Batha','active','1'),(3664,41,'TD','02','Biltine','active','1'),(3665,41,'TD','03','Borkou-Ennedi-Tibesti','active','1'),(3666,41,'TD','04','Chari-Baguirmi','active','1'),(3667,41,'TD','05','Guera','active','1'),(3668,41,'TD','06','Kanem','active','1'),(3669,41,'TD','07','Lac','active','1'),(3670,41,'TD','08','Logone Occidental','active','1'),(3671,41,'TD','09','Logone Oriental','active','1'),(3672,41,'TD','10','Mayo-Kebbi','active','1'),(3673,41,'TD','11','Moyen-Chari','active','1'),(3674,41,'TD','12','Ouaddai','active','1'),(3675,41,'TD','13','Salamat','active','1'),(3676,41,'TD','14','Tandjile','active','1'),(3679,201,'TG','09','Lama-Kara','active','1'),(3683,201,'TG','18','Tsevie','active','1'),(3677,201,'TG','22','Centrale','active','1'),(3678,201,'TG','23','Kara','active','1'),(3680,201,'TG','24','Maritime','active','1'),(3681,201,'TG','25','Plateaux','active','1'),(3682,201,'TG','26','Savanes','active','1'),(3704,200,'TH','01','Mae Hong Son','active','1'),(3690,200,'TH','02','Chiang Mai','active','1'),(3691,200,'TH','03','Chiang Rai','active','1'),(3713,200,'TH','04','Nan','active','1'),(3701,200,'TH','05','Lamphun','active','1'),(3700,200,'TH','06','Lampang','active','1'),(3727,200,'TH','07','Phrae','active','1'),(3748,200,'TH','08','Tak','active','1'),(3744,200,'TH','09','Sukhothai','active','1'),(3755,200,'TH','10','Uttaradit','active','1'),(3695,200,'TH','11','Kamphaeng Phet','active','1'),(3725,200,'TH','12','Phitsanulok','active','1'),(3724,200,'TH','13','Phichit','active','1'),(3722,200,'TH','14','Phetchabun','active','1'),(3754,200,'TH','15','Uthai Thani','active','1'),(3711,200,'TH','16','Nakhon Sawan','active','1'),(3715,200,'TH','17','Nong Khai','active','1'),(3702,200,'TH','18','Loei','active','1'),(3735,200,'TH','20','Sakon Nakhon','active','1'),(3709,200,'TH','21','Nakhon Phanom','active','1'),(3697,200,'TH','22','Khon Kaen','active','1'),(3694,200,'TH','23','Kalasin','active','1'),(3705,200,'TH','24','Maha Sarakham','active','1'),(3734,200,'TH','25','Roi Et','active','1'),(3688,200,'TH','26','Chaiyaphum','active','1'),(3710,200,'TH','27','Nakhon Ratchasima','active','1'),(3685,200,'TH','28','Buriram','active','1'),(3747,200,'TH','29','Surin','active','1'),(3742,200,'TH','30','Sisaket','active','1'),(3714,200,'TH','31','Narathiwat','active','1'),(3687,200,'TH','32','Chai Nat','active','1'),(3741,200,'TH','33','Sing Buri','active','1'),(3703,200,'TH','34','Lop Buri','active','1'),(3684,200,'TH','35','Ang Thong','active','1'),(3726,200,'TH','36','Phra Nakhon Si Ayutthaya','active','1'),(3739,200,'TH','37','Saraburi','active','1'),(3716,200,'TH','38','Nonthaburi','active','1'),(3717,200,'TH','39','Pathum Thani','active','1'),(3699,200,'TH','40','Krung Thep','active','1'),(3721,200,'TH','41','Phayao','active','1'),(3736,200,'TH','42','Samut Prakan','active','1'),(3707,200,'TH','43','Nakhon Nayok','active','1'),(3686,200,'TH','44','Chachoengsao','active','1'),(3729,200,'TH','45','Prachin Buri','active','1'),(3692,200,'TH','46','Chon Buri','active','1'),(3733,200,'TH','47','Rayong','active','1'),(3689,200,'TH','48','Chanthaburi','active','1'),(3750,200,'TH','49','Trat','active','1'),(3696,200,'TH','50','Kanchanaburi','active','1'),(3745,200,'TH','51','Suphan Buri','active','1'),(3732,200,'TH','52','Ratchaburi','active','1'),(3708,200,'TH','53','Nakhon Pathom','active','1'),(3738,200,'TH','54','Samut Songkhram','active','1'),(3737,200,'TH','55','Samut Sakhon','active','1'),(3723,200,'TH','56','Phetchaburi','active','1'),(3730,200,'TH','57','Prachuap Khiri Khan','active','1'),(3693,200,'TH','58','Chumphon','active','1'),(3731,200,'TH','59','Ranong','active','1'),(3746,200,'TH','60','Surat Thani','active','1'),(3719,200,'TH','61','Phangnga','active','1'),(3728,200,'TH','62','Phuket','active','1'),(3698,200,'TH','63','Krabi','active','1'),(3712,200,'TH','64','Nakhon Si Thammarat','active','1'),(3749,200,'TH','65','Trang','active','1'),(3720,200,'TH','66','Phatthalung','active','1'),(3740,200,'TH','67','Satun','active','1'),(3743,200,'TH','68','Songkhla','active','1'),(3718,200,'TH','69','Pattani','active','1'),(3756,200,'TH','70','Yala','active','1'),(3751,200,'TH','71','Ubon Ratchathani','active','1'),(3757,200,'TH','72','Yasothon','active','1'),(3752,200,'TH','75','Ubon Ratchathani','active','1'),(3753,200,'TH','76','Udon Thani','active','1'),(3706,200,'TH','78','Mukdahan','active','1'),(3759,198,'TJ','01','Kuhistoni Badakhshon','active','1'),(3758,198,'TJ','02','Khatlon','active','1'),(3760,198,'TJ','03','Sughd','active','1'),(3761,206,'TM','01','Ahal','active','1'),(3762,206,'TM','02','Balkan','active','1'),(3763,206,'TM','03','Dashoguz','active','1'),(3764,206,'TM','04','Lebap','active','1'),(3765,206,'TM','05','Mary','active','1'),(3768,204,'TN','02','Al Qasrayn','active','1'),(3769,204,'TN','03','Al Qayrawan','active','1'),(3774,204,'TN','06','Jundubah','active','1'),(3780,204,'TN','10','Qafsah','active','1'),(3775,204,'TN','14','Kef','active','1'),(3766,204,'TN','15','Al Mahdiyah','active','1'),(3767,204,'TN','16','Al Munastir','active','1'),(3771,204,'TN','17','Bajah','active','1'),(3772,204,'TN','18','Banzart','active','1'),(3778,204,'TN','19','Nabul','active','1'),(3785,204,'TN','22','Silyanah','active','1'),(3786,204,'TN','23','Susah','active','1'),(3773,204,'TN','27','Bin','active','1'),(3776,204,'TN','28','Madanin','active','1'),(3779,204,'TN','29','Qabis','active','1'),(3781,204,'TN','30','Qafah','active','1'),(3782,204,'TN','31','Qibili','active','1'),(3783,204,'TN','32','Safaqis','active','1'),(3784,204,'TN','33','Sidi Bu Zayd','active','1'),(3787,204,'TN','34','Tatawin','active','1'),(3788,204,'TN','35','Tawzar','active','1'),(3789,204,'TN','36','Tunis','active','1'),(3790,204,'TN','37','Zaghwan','active','1'),(3770,204,'TN','38','Ariana','active','1'),(3777,204,'TN','39','Manouba','active','1'),(3791,202,'TO','01','Ha','active','1'),(3792,202,'TO','02','Tongatapu','active','1'),(3793,202,'TO','03','Vava','active','1'),(3795,205,'TR','02','Adiyaman','active','1'),(3796,205,'TR','03','Afyonkarahisar','active','1'),(3797,205,'TR','04','Agri','active','1'),(3799,205,'TR','05','Amasya','active','1'),(3801,205,'TR','07','Antalya','active','1'),(3803,205,'TR','08','Artvin','active','1'),(3804,205,'TR','09','Aydin','active','1'),(3805,205,'TR','10','Balikesir','active','1'),(3809,205,'TR','11','Bilecik','active','1'),(3810,205,'TR','12','Bingol','active','1'),(3811,205,'TR','13','Bitlis','active','1'),(3812,205,'TR','14','Bolu','active','1'),(3813,205,'TR','15','Burdur','active','1'),(3814,205,'TR','16','Bursa','active','1'),(3815,205,'TR','17','Canakkale','active','1'),(3817,205,'TR','19','Corum','active','1'),(3818,205,'TR','20','Denizli','active','1'),(3819,205,'TR','21','Diyarbakir','active','1'),(3821,205,'TR','22','Edirne','active','1'),(3822,205,'TR','23','Elazig','active','1'),(3823,205,'TR','24','Erzincan','active','1'),(3824,205,'TR','25','Erzurum','active','1'),(3825,205,'TR','26','Eskisehir','active','1'),(3827,205,'TR','28','Giresun','active','1'),(3830,205,'TR','31','Hatay','active','1'),(3831,205,'TR','32','Icel','active','1'),(3833,205,'TR','33','Isparta','active','1'),(3834,205,'TR','34','Istanbul','active','1'),(3835,205,'TR','35','Izmir','active','1'),(3840,205,'TR','37','Kastamonu','active','1'),(3841,205,'TR','38','Kayseri','active','1'),(3844,205,'TR','39','Kirklareli','active','1'),(3845,205,'TR','40','Kirsehir','active','1'),(3846,205,'TR','41','Kocaeli','active','1'),(3848,205,'TR','43','Kutahya','active','1'),(3849,205,'TR','44','Malatya','active','1'),(3850,205,'TR','45','Manisa','active','1'),(3836,205,'TR','46','Kahramanmaras','active','1'),(3852,205,'TR','48','Mugla','active','1'),(3853,205,'TR','49','Mus','active','1'),(3854,205,'TR','50','Nevsehir','active','1'),(3856,205,'TR','52','Ordu','active','1'),(3858,205,'TR','53','Rize','active','1'),(3859,205,'TR','54','Sakarya','active','1'),(3860,205,'TR','55','Samsun','active','1'),(3863,205,'TR','57','Sinop','active','1'),(3865,205,'TR','58','Sivas','active','1'),(3866,205,'TR','59','Tekirdag','active','1'),(3867,205,'TR','60','Tokat','active','1'),(3868,205,'TR','61','Trabzon','active','1'),(3869,205,'TR','62','Tunceli','active','1'),(3861,205,'TR','63','Sanliurfa','active','1'),(3870,205,'TR','64','Usak','active','1'),(3871,205,'TR','65','Van','active','1'),(3873,205,'TR','66','Yozgat','active','1'),(3800,205,'TR','68','Ankara','active','1'),(3828,205,'TR','69','Gumushane','active','1'),(3829,205,'TR','70','Hakkari','active','1'),(3847,205,'TR','71','Konya','active','1'),(3851,205,'TR','72','Mardin','active','1'),(3855,205,'TR','73','Nigde','active','1'),(3862,205,'TR','74','Siirt','active','1'),(3798,205,'TR','75','Aksaray','active','1'),(3807,205,'TR','76','Batman','active','1'),(3808,205,'TR','77','Bayburt','active','1'),(3838,205,'TR','78','Karaman','active','1'),(3843,205,'TR','79','Kirikkale','active','1'),(3864,205,'TR','80','Sirnak','active','1'),(3794,205,'TR','81','Adana','active','1'),(3816,205,'TR','82','Cankiri','active','1'),(3826,205,'TR','83','Gaziantep','active','1'),(3839,205,'TR','84','Kars','active','1'),(3874,205,'TR','85','Zonguldak','active','1'),(3802,205,'TR','86','Ardahan','active','1'),(3806,205,'TR','87','Bartin','active','1'),(3832,205,'TR','88','Igdir','active','1'),(3837,205,'TR','89','Karabuk','active','1'),(3842,205,'TR','90','Kilis','active','1'),(3857,205,'TR','91','Osmaniye','active','1'),(3872,205,'TR','92','Yalova','active','1'),(3820,205,'TR','93','Duzce','active','1'),(3875,203,'TT','01','Arima','active','1'),(3876,203,'TT','02','Caroni','active','1'),(3877,203,'TT','03','Mayaro','active','1'),(3878,203,'TT','04','Nariva','active','1'),(3879,203,'TT','05','Port-of-Spain','active','1'),(3880,203,'TT','06','Saint Andrew','active','1'),(3881,203,'TT','07','Saint David','active','1'),(3882,203,'TT','08','Saint George','active','1'),(3883,203,'TT','09','Saint Patrick','active','1'),(3884,203,'TT','10','San Fernando','active','1'),(3885,203,'TT','11','Tobago','active','1'),(3886,203,'TT','12','Victoria','active','1'),(3887,197,'TW','01','Fu-chien','active','1'),(3888,197,'TW','02','Kao-hsiung','active','1'),(3889,197,'TW','03','T\'ai-pei','active','1'),(3890,197,'TW','04','T\'ai-wan','active','1'),(3907,199,'TZ','02','Pwani','active','1'),(3893,199,'TZ','03','Dodoma','active','1'),(3894,199,'TZ','04','Iringa','active','1'),(3896,199,'TZ','05','Kigoma','active','1'),(3897,199,'TZ','06','Kilimanjaro','active','1'),(3898,199,'TZ','07','Lindi','active','1'),(3900,199,'TZ','08','Mara','active','1'),(3901,199,'TZ','09','Mbeya','active','1'),(3902,199,'TZ','10','Morogoro','active','1'),(3903,199,'TZ','11','Mtwara','active','1'),(3904,199,'TZ','12','Mwanza','active','1'),(3905,199,'TZ','13','Pemba North','active','1'),(3909,199,'TZ','14','Ruvuma','active','1'),(3910,199,'TZ','15','Shinyanga','active','1'),(3911,199,'TZ','16','Singida','active','1'),(3912,199,'TZ','17','Tabora','active','1'),(3913,199,'TZ','18','Tanga','active','1'),(3895,199,'TZ','19','Kagera','active','1'),(3906,199,'TZ','20','Pemba South','active','1'),(3914,199,'TZ','21','Zanzibar Central','active','1'),(3915,199,'TZ','22','Zanzibar North','active','1'),(3892,199,'TZ','23','Dar es Salaam','active','1'),(3908,199,'TZ','24','Rukwa','active','1'),(3916,199,'TZ','25','Zanzibar Urban','active','1'),(3891,199,'TZ','26','Arusha','active','1'),(3899,199,'TZ','27','Manyara','active','1'),(3917,210,'UA','01','Cherkas\'ka Oblast\'','active','1'),(3918,210,'UA','02','Chernihivs\'ka Oblast\'','active','1'),(3919,210,'UA','03','Chernivets\'ka Oblast\'','active','1'),(3920,210,'UA','04','Dnipropetrovs\'ka Oblast\'','active','1'),(3921,210,'UA','05','Donets\'ka Oblast\'','active','1'),(3922,210,'UA','06','Ivano-Frankivs\'ka Oblast\'','active','1'),(3923,210,'UA','07','Kharkivs\'ka Oblast\'','active','1'),(3924,210,'UA','08','Khersons\'ka Oblast\'','active','1'),(3925,210,'UA','09','Khmel\'nyts\'ka Oblast\'','active','1'),(3926,210,'UA','10','Kirovohrads\'ka Oblast\'','active','1'),(3927,210,'UA','11','Krym','active','1'),(3928,210,'UA','12','Kyyiv','active','1'),(3929,210,'UA','13','Kyyivs\'ka Oblast\'','active','1'),(3931,210,'UA','14','Luhans\'ka Oblast\'','active','1'),(3930,210,'UA','15','L\'vivs\'ka Oblast\'','active','1'),(3932,210,'UA','16','Mykolayivs\'ka Oblast\'','active','1'),(3933,210,'UA','17','Odes\'ka Oblast\'','active','1'),(3934,210,'UA','18','Poltavs\'ka Oblast\'','active','1'),(3935,210,'UA','19','Rivnens\'ka Oblast\'','active','1'),(3936,210,'UA','20','Sevastopol\'','active','1'),(3937,210,'UA','21','Sums\'ka Oblast\'','active','1'),(3938,210,'UA','22','Ternopil\'s\'ka Oblast\'','active','1'),(3939,210,'UA','23','Vinnyts\'ka Oblast\'','active','1'),(3940,210,'UA','24','Volyns\'ka Oblast\'','active','1'),(3941,210,'UA','25','Zakarpats\'ka Oblast\'','active','1'),(3942,210,'UA','26','Zaporiz\'ka Oblast\'','active','1'),(3943,210,'UA','27','Zhytomyrs\'ka Oblast\'','active','1'),(3948,209,'UG','05','Busoga','active','1'),(3957,209,'UG','08','Karamoja','active','1'),(3978,209,'UG','12','South Buganda','active','1'),(3949,209,'UG','18','Central','active','1'),(3950,209,'UG','20','Eastern','active','1'),(3970,209,'UG','21','Nile','active','1'),(3971,209,'UG','22','North Buganda','active','1'),(3972,209,'UG','23','Northern','active','1'),(3979,209,'UG','24','Southern','active','1'),(3981,209,'UG','25','Western','active','1'),(3954,209,'UG','37','Kampala','active','1'),(3966,209,'UG','56','Mubende','active','1'),(3944,209,'UG','65','Adjumani','active','1'),(3946,209,'UG','66','Bugiri','active','1'),(3947,209,'UG','67','Busia','active','1'),(3958,209,'UG','69','Katakwi','active','1'),(3969,209,'UG','73','Nakasongola','active','1'),(3975,209,'UG','74','Sembabule','active','1'),(3945,209,'UG','77','Arua','active','1'),(3951,209,'UG','78','Iganga','active','1'),(3952,209,'UG','79','Kabarole','active','1'),(3953,209,'UG','80','Kaberamaido','active','1'),(3955,209,'UG','81','Kamwenge','active','1'),(3956,209,'UG','82','Kanungu','active','1'),(3959,209,'UG','83','Kayunga','active','1'),(3960,209,'UG','84','Kitgum','active','1'),(3961,209,'UG','85','Kyenjojo','active','1'),(3962,209,'UG','86','Mayuge','active','1'),(3963,209,'UG','87','Mbale','active','1'),(3964,209,'UG','88','Moroto','active','1'),(3965,209,'UG','89','Mpigi','active','1'),(3967,209,'UG','90','Mukono','active','1'),(3968,209,'UG','91','Nakapiripirit','active','1'),(3973,209,'UG','92','Pader','active','1'),(3974,209,'UG','93','Rukungiri','active','1'),(3976,209,'UG','94','Sironko','active','1'),(3977,209,'UG','95','Soroti','active','1'),(3980,209,'UG','96','Wakiso','active','1'),(3982,209,'UG','97','Yumbe','active','1'),(14,213,'US','01','Alabama','active','1'),(15,213,'US','02','Alaska','active','1'),(16,213,'US','04','Arizona','active','1'),(17,213,'US','05','Arkansas','active','1'),(18,213,'US','06','California','active','1'),(19,213,'US','08','Colorado','active','1'),(20,213,'US','09','Connecticut','active','1'),(21,213,'US','10','Delaware','active','1'),(22,213,'US','11','District of Columbia','active','1'),(23,213,'US','12','Florida','active','1'),(24,213,'US','13','Georgia','active','1'),(25,213,'US','15','Hawaii','active','1'),(26,213,'US','16','Idaho','active','1'),(27,213,'US','17','Illinois','active','1'),(28,213,'US','18','Indiana','active','1'),(29,213,'US','19','Iowa','active','1'),(30,213,'US','20','Kansas','active','1'),(31,213,'US','21','Kentucky','active','1'),(32,213,'US','22','Louisiana','active','1'),(33,213,'US','23','Maine','active','1'),(34,213,'US','24','Maryland','active','1'),(35,213,'US','25','Massachusetts','active','1'),(36,213,'US','26','Michigan','active','1'),(37,213,'US','27','Minnesota','active','1'),(38,213,'US','28','Mississippi','active','1'),(39,213,'US','29','Missouri','active','1'),(40,213,'US','30','Montana','active','1'),(41,213,'US','31','Nebraska','active','1'),(42,213,'US','32','Nevada','active','1'),(43,213,'US','33','New Hampshire','active','1'),(44,213,'US','34','New Jersey','active','1'),(45,213,'US','35','New Mexico','active','1'),(46,213,'US','36','New York','active','1'),(47,213,'US','37','North Carolina','active','1'),(48,213,'US','38','North Dakota','active','1'),(49,213,'US','39','Ohio','active','1'),(50,213,'US','40','Oklahoma','active','1'),(51,213,'US','41','Oregon','active','1'),(52,213,'US','42','Pennsylvania','active','1'),(53,213,'US','44','Rhode Island','active','1'),(54,213,'US','45','South Carolina','active','1'),(55,213,'US','46','South Dakota','active','1'),(56,213,'US','47','Tennessee','active','1'),(57,213,'US','48','Texas','active','1'),(58,213,'US','49','Utah','active','1'),(59,213,'US','50','Vermont','active','1'),(60,213,'US','51','Virginia','active','1'),(62,213,'US','53','Washington','active','1'),(63,213,'US','54','West Virginia','active','1'),(64,213,'US','55','Wisconsin','active','1'),(65,213,'US','56','Wyoming','active','1'),(3983,215,'UY','01','Artigas','active','1'),(3984,215,'UY','02','Canelones','active','1'),(3985,215,'UY','03','Cerro Largo','active','1'),(3986,215,'UY','04','Colonia','active','1'),(3987,215,'UY','05','Durazno','active','1'),(3988,215,'UY','06','Flores','active','1'),(3989,215,'UY','07','Florida','active','1'),(3990,215,'UY','08','Lavalleja','active','1'),(3991,215,'UY','09','Maldonado','active','1'),(3992,215,'UY','10','Montevideo','active','1'),(3993,215,'UY','11','Paysandu','active','1'),(3994,215,'UY','12','Rio Negro','active','1'),(3995,215,'UY','13','Rivera','active','1'),(3996,215,'UY','14','Rocha','active','1'),(3997,215,'UY','15','Salto','active','1'),(3998,215,'UY','16','San Jose','active','1'),(3999,215,'UY','17','Soriano','active','1'),(4000,215,'UY','18','Tacuarembo','active','1'),(4001,215,'UY','19','Treinta y Tres','active','1'),(4002,216,'UZ','01','Andijon','active','1'),(4003,216,'UZ','02','Bukhoro','active','1'),(4004,216,'UZ','03','Farghona','active','1'),(4005,216,'UZ','04','Jizzakh','active','1'),(4006,216,'UZ','05','Khorazm','active','1'),(4007,216,'UZ','06','Namangan','active','1'),(4008,216,'UZ','07','Nawoiy','active','1'),(4009,216,'UZ','08','Qashqadaryo','active','1'),(4010,216,'UZ','09','Qoraqalpoghiston','active','1'),(4011,216,'UZ','10','Samarqand','active','1'),(4012,216,'UZ','11','Sirdaryo','active','1'),(4013,216,'UZ','12','Surkhondaryo','active','1'),(4014,216,'UZ','13','Toshkent','active','1'),(4015,216,'UZ','14','Toshkent','active','1'),(4016,173,'VC','01','Charlotte','active','1'),(4018,173,'VC','02','Saint Andrew','active','1'),(4019,173,'VC','03','Saint David','active','1'),(4020,173,'VC','04','Saint George','active','1'),(4021,173,'VC','05','Saint Patrick','active','1'),(4017,173,'VC','06','Grenadines','active','1'),(4022,218,'VE','01','Amazonas','active','1'),(4023,218,'VE','02','Anzoategui','active','1'),(4024,218,'VE','03','Apure','active','1'),(4025,218,'VE','04','Aragua','active','1'),(4026,218,'VE','05','Barinas','active','1'),(4027,218,'VE','06','Bolivar','active','1'),(4028,218,'VE','07','Carabobo','active','1'),(4029,218,'VE','08','Cojedes','active','1'),(4030,218,'VE','09','Delta Amacuro','active','1'),(4033,218,'VE','11','Falcon','active','1'),(4034,218,'VE','12','Guarico','active','1'),(4035,218,'VE','13','Lara','active','1'),(4036,218,'VE','14','Merida','active','1'),(4037,218,'VE','15','Miranda','active','1'),(4038,218,'VE','16','Monagas','active','1'),(4039,218,'VE','17','Nueva Esparta','active','1'),(4040,218,'VE','18','Portuguesa','active','1'),(4041,218,'VE','19','Sucre','active','1'),(4042,218,'VE','20','Tachira','active','1'),(4043,218,'VE','21','Trujillo','active','1'),(4045,218,'VE','22','Yaracuy','active','1'),(4046,218,'VE','23','Zulia','active','1'),(4031,218,'VE','24','Dependencias Federales','active','1'),(4032,218,'VE','25','Distrito Federal','active','1'),(4044,218,'VE','26','Vargas','active','1'),(4047,219,'VN','01','An Giang','active','1'),(4050,219,'VN','02','Bac Thai','active','1'),(4051,219,'VN','03','Ben Tre','active','1'),(4054,219,'VN','04','Binh Tri Thien','active','1'),(4057,219,'VN','05','Cao Bang','active','1'),(4060,219,'VN','07','Dac Lac','active','1'),(4067,219,'VN','09','Dong Thap','active','1'),(4069,219,'VN','11','Ha Bac','active','1'),(4079,219,'VN','12','Hai Hung','active','1'),(4080,219,'VN','13','Hai Phong','active','1'),(4072,219,'VN','14','Ha Nam Ninh','active','1'),(4074,219,'VN','16','Ha Son Binh','active','1'),(4077,219,'VN','17','Ha Tuyen','active','1'),(4085,219,'VN','19','Hoang Lien Son','active','1'),(4083,219,'VN','20','Ho Chi Minh','active','1'),(4089,219,'VN','21','Kien Giang','active','1'),(4092,219,'VN','22','Lai Chau','active','1'),(4093,219,'VN','23','Lam Dong','active','1'),(4096,219,'VN','24','Long An','active','1'),(4098,219,'VN','25','Minh Hai','active','1'),(4102,219,'VN','26','Nghe Tinh','active','1'),(4103,219,'VN','27','Nghia Binh','active','1'),(4106,219,'VN','28','Phu Khanh','active','1'),(4111,219,'VN','29','Quang Nam-Da Nang','active','1'),(4113,219,'VN','30','Quang Ninh','active','1'),(4119,219,'VN','31','Song Be','active','1'),(4117,219,'VN','32','Son La','active','1'),(4120,219,'VN','33','Tay Ninh','active','1'),(4123,219,'VN','34','Thanh Hoa','active','1'),(4121,219,'VN','35','Thai Binh','active','1'),(4125,219,'VN','36','Thuan Hai','active','1'),(4126,219,'VN','37','Tien Giang','active','1'),(4130,219,'VN','38','Vinh Phu','active','1'),(4094,219,'VN','39','Lang Son','active','1'),(4065,219,'VN','40','Dong Nai','active','1'),(4048,219,'VN','43','An Giang','active','1'),(4059,219,'VN','44','Dac Lac','active','1'),(4064,219,'VN','45','Dong Nai','active','1'),(4066,219,'VN','46','Dong Thap','active','1'),(4088,219,'VN','47','Kien Giang','active','1'),(4097,219,'VN','48','Minh Hai','active','1'),(4118,219,'VN','49','Song Be','active','1'),(4131,219,'VN','50','Vinh Phu','active','1'),(4073,219,'VN','51','Ha Noi','active','1'),(4082,219,'VN','52','Ho Chi Minh','active','1'),(4049,219,'VN','53','Ba Ria-Vung Tau','active','1'),(4052,219,'VN','54','Binh Dinh','active','1'),(4053,219,'VN','55','Binh Thuan','active','1'),(4056,219,'VN','56','Can Tho','active','1'),(4068,219,'VN','57','Gia Lai','active','1'),(4070,219,'VN','58','Ha Giang','active','1'),(4075,219,'VN','59','Ha Tay','active','1'),(4076,219,'VN','60','Ha Tinh','active','1'),(4084,219,'VN','61','Hoa Binh','active','1'),(4087,219,'VN','62','Khanh Hoa','active','1'),(4090,219,'VN','63','Kon Tum','active','1'),(4115,219,'VN','64','Quang Tri','active','1'),(4100,219,'VN','65','Nam Ha','active','1'),(4101,219,'VN','66','Nghe An','active','1'),(4104,219,'VN','67','Ninh Binh','active','1'),(4105,219,'VN','68','Ninh Thuan','active','1'),(4108,219,'VN','69','Phu Yen','active','1'),(4109,219,'VN','70','Quang Binh','active','1'),(4112,219,'VN','71','Quang Ngai','active','1'),(4114,219,'VN','72','Quang Tri','active','1'),(4116,219,'VN','73','Soc Trang','active','1'),(4124,219,'VN','74','Thua Thien','active','1'),(4127,219,'VN','75','Tra Vinh','active','1'),(4128,219,'VN','76','Tuyen Quang','active','1'),(4129,219,'VN','77','Vinh Long','active','1'),(4058,219,'VN','78','Da Nang','active','1'),(4078,219,'VN','79','Hai Duong','active','1'),(4071,219,'VN','80','Ha Nam','active','1'),(4086,219,'VN','81','Hung Yen','active','1'),(4099,219,'VN','82','Nam Dinh','active','1'),(4107,219,'VN','83','Phu Tho','active','1'),(4110,219,'VN','84','Quang Nam','active','1'),(4122,219,'VN','85','Thai Nguyen','active','1'),(4055,219,'VN','87','Can Tho','active','1'),(4061,219,'VN','88','Dak Lak','active','1'),(4091,219,'VN','89','Lai Chau','active','1'),(4095,219,'VN','90','Lao Cai','active','1'),(4062,219,'VN','91','Dak Nong','active','1'),(4063,219,'VN','92','Dien Bien','active','1'),(4081,219,'VN','93','Hau Giang','active','1'),(4132,217,'VU','05','Ambrym','active','1'),(4133,217,'VU','06','Aoba','active','1'),(4145,217,'VU','07','Torba','active','1'),(4134,217,'VU','08','Efate','active','1'),(4135,217,'VU','09','Epi','active','1'),(4136,217,'VU','10','Malakula','active','1'),(4138,217,'VU','11','Paama','active','1'),(4140,217,'VU','12','Pentecote','active','1'),(4141,217,'VU','13','Sanma','active','1'),(4143,217,'VU','14','Shepherd','active','1'),(4144,217,'VU','15','Tafea','active','1'),(4137,217,'VU','16','Malampa','active','1'),(4139,217,'VU','17','Penama','active','1'),(4142,217,'VU','18','Shefa','active','1'),(4146,174,'WS','02','Aiga-i-le-Tai','active','1'),(4147,174,'WS','03','Atua','active','1'),(4148,174,'WS','04','Fa','active','1'),(4149,174,'WS','05','Gaga','active','1'),(4154,174,'WS','06','Va','active','1'),(4150,174,'WS','07','Gagaifomauga','active','1'),(4151,174,'WS','08','Palauli','active','1'),(4152,174,'WS','09','Satupa','active','1'),(4153,174,'WS','10','Tuamasaga','active','1'),(4155,174,'WS','11','Vaisigano','active','1'),(4156,222,'YE','01','Abyan','active','1'),(4157,222,'YE','02','Adan','active','1'),(4161,222,'YE','03','Al Mahrah','active','1'),(4164,222,'YE','04','Hadramawt','active','1'),(4171,222,'YE','05','Shabwah','active','1'),(4159,222,'YE','08','Al Hudaydah','active','1'),(4162,222,'YE','10','Al Mahwit','active','1'),(4163,222,'YE','11','Dhamar','active','1'),(4168,222,'YE','14','Ma\'rib','active','1'),(4169,222,'YE','15','Sa','active','1'),(4170,222,'YE','16','San','active','1'),(4158,222,'YE','20','Al Bayda\'','active','1'),(4160,222,'YE','21','Al Jawf','active','1'),(4165,222,'YE','22','Hajjah','active','1'),(4166,222,'YE','23','Ibb','active','1'),(4167,222,'YE','24','Lahij','active','1'),(4172,222,'YE','25','Ta','active','1'),(4176,187,'ZA','02','KwaZulu-Natal','active','1'),(4174,187,'ZA','03','Free State','active','1'),(4173,187,'ZA','05','Eastern Cape','active','1'),(4175,187,'ZA','06','Gauteng','active','1'),(4178,187,'ZA','07','Mpumalanga','active','1'),(4180,187,'ZA','08','Northern Cape','active','1'),(4177,187,'ZA','09','Limpopo','active','1'),(4179,187,'ZA','10','North-West','active','1'),(4181,187,'ZA','11','Western Cape','active','1'),(4190,225,'ZM','01','Western','active','1'),(4182,225,'ZM','02','Central','active','1'),(4184,225,'ZM','03','Eastern','active','1'),(4185,225,'ZM','04','Luapula','active','1'),(4188,225,'ZM','05','Northern','active','1'),(4187,225,'ZM','06','North-Western','active','1'),(4189,225,'ZM','07','Southern','active','1'),(4183,225,'ZM','08','Copperbelt','active','1'),(4186,225,'ZM','09','Lusaka','active','1'),(4193,226,'ZW','01','Manicaland','active','1'),(4200,226,'ZW','02','Midlands','active','1'),(4194,226,'ZW','03','Mashonaland Central','active','1'),(4195,226,'ZW','04','Mashonaland East','active','1'),(4196,226,'ZW','05','Mashonaland West','active','1'),(4198,226,'ZW','06','Matabeleland North','active','1'),(4199,226,'ZW','07','Matabeleland South','active','1'),(4197,226,'ZW','08','Masvingo','active','1'),(4191,226,'ZW','09','Bulawayo','active','1'),(4192,226,'ZW','10','Harare','active','1'),(61,213,'US','78','Virgin Islands','active','1');
/*!40000 ALTER TABLE `sysProvince` ENABLE KEYS */;
UNLOCK TABLES;

--
-- Table structure for table `sysSearchIndex`
--

DROP TABLE IF EXISTS `sysSearchIndex`;
/*!40101 SET @saved_cs_client     = @@character_set_client */;
/*!40101 SET character_set_client = utf8 */;
CREATE TABLE `sysSearchIndex` (
  `itemID` int(11) NOT NULL AUTO_INCREMENT,
  `indexTime` datetime NOT NULL,
  `indexSource` varchar(255) DEFAULT 'master',
  `pathToContent` varchar(255) DEFAULT NULL,
  `contentTitle` varchar(255) DEFAULT 'Untitled',
  `contentDumpToScan` longtext,
  `sysStatus` enum('active','inactive') NOT NULL DEFAULT 'active',
  `sysOpen` enum('0','1') NOT NULL DEFAULT '1',
  PRIMARY KEY (`itemID`),
  FULLTEXT KEY `contentDumpToScan` (`contentDumpToScan`),
  FULLTEXT KEY `contentTitle` (`contentTitle`)
) ENGINE=InnoDB DEFAULT CHARSET=utf8 COMMENT='Stores Indexed Content For The Search System';
/*!40101 SET character_set_client = @saved_cs_client */;

--
-- Dumping data for table `sysSearchIndex`
--

LOCK TABLES `sysSearchIndex` WRITE;
/*!40000 ALTER TABLE `sysSearchIndex` DISABLE KEYS */;
/*!40000 ALTER TABLE `sysSearchIndex` ENABLE KEYS */;
UNLOCK TABLES;

--
-- Table structure for table `sysSites`
--

DROP TABLE IF EXISTS `sysSites`;
/*!40101 SET @saved_cs_client     = @@character_set_client */;
/*!40101 SET character_set_client = utf8 */;
CREATE TABLE `sysSites` (
  `itemID` int(11) NOT NULL AUTO_INCREMENT,
  `title` varchar(255) NOT NULL DEFAULT '',
  `description` text NOT NULL,
  `defaultLanguageID` int(11) NOT NULL DEFAULT '1',
  `myOrder` int(11) NOT NULL DEFAULT '0',
  `sysStatus` enum('active','inactive') NOT NULL DEFAULT 'active',
  `sysOpen` enum('0','1') NOT NULL DEFAULT '1',
  PRIMARY KEY (`itemID`)
) ENGINE=InnoDB AUTO_INCREMENT=2 DEFAULT CHARSET=utf8 COMMENT='A list of sites in this draggin system.  linked to domains a';
/*!40101 SET character_set_client = @saved_cs_client */;

--
-- Dumping data for table `sysSites`
--

LOCK TABLES `sysSites` WRITE;
/*!40000 ALTER TABLE `sysSites` DISABLE KEYS */;
INSERT INTO `sysSites` VALUES (1,'OwnersBox.com','The future of fantasy sports',1,1,'active','1');
/*!40000 ALTER TABLE `sysSites` ENABLE KEYS */;
UNLOCK TABLES;

--
-- Table structure for table `sysSitesDomains`
--

DROP TABLE IF EXISTS `sysSitesDomains`;
/*!40101 SET @saved_cs_client     = @@character_set_client */;
/*!40101 SET character_set_client = utf8 */;
CREATE TABLE `sysSitesDomains` (
  `itemID` int(11) NOT NULL AUTO_INCREMENT,
  `siteID` int(11) NOT NULL DEFAULT '0',
  `domain` varchar(255) NOT NULL,
  `description` text NOT NULL,
  `myOrder` int(11) NOT NULL DEFAULT '0',
  `sysStatus` enum('active','inactive') NOT NULL DEFAULT 'active',
  `sysOpen` enum('0','1') NOT NULL DEFAULT '1',
  PRIMARY KEY (`itemID`),
  KEY `siteFK` (`siteID`)
) ENGINE=InnoDB AUTO_INCREMENT=14 DEFAULT CHARSET=utf8 COMMENT='A list of domains for in this draggin system.  linked to sit';
/*!40101 SET character_set_client = @saved_cs_client */;

--
-- Dumping data for table `sysSitesDomains`
--

LOCK TABLES `sysSitesDomains` WRITE;
/*!40000 ALTER TABLE `sysSitesDomains` DISABLE KEYS */;
INSERT INTO `sysSitesDomains` VALUES (1,1,'ownersbox.com','The future of fantasy sports.',1,'active','1'),(2,1,'130-001.dev.resolutionim.com','Dev root',0,'active','1'),(3,1,'jrundle.130-001.dev.resolutionim.com','Jon\'s local root',0,'active','1'),(4,1,'mike.130-001.dev.resolutionim.com','Mike\'s local root',0,'active','1'),(5,1,'brendan.130-001.dev.resolutionim.com','Brendan\'s local root',0,'active','1'),(6,1,'andrew.130-001.dev.resolutionim.com','Andrews\'s local root',0,'active','1'),(7,1,'geoff.130-001.dev.resolutionim.com','Geoff\'s local root',0,'active','1'),(8,1,'karen.130-001.dev.resolutionim.com','Karen\'s local root',0,'active','1'),(9,1,'chris.130-001.dev.resolutionim.com','Chris\'s local root',0,'active','1'),(10,1,'chelsey.130-001.dev.resolutionim.com','Chelsey\'s local root',0,'active','1'),(11,1,'evan.130-001.dev.resolutionim.com','Evan\'s local root',0,'active','1'),(12,1,'ec2-107-20-5-214.compute-1.amazonaws.com','Amazon Web Tier A',0,'active','1'),(13,1,'ec2-50-19-130-12.compute-1.amazonaws.com','Amazon Web Tier B',0,'active','1');
/*!40000 ALTER TABLE `sysSitesDomains` ENABLE KEYS */;
UNLOCK TABLES;

--
-- Table structure for table `sysSitesInstanceDataLink`
--

DROP TABLE IF EXISTS `sysSitesInstanceDataLink`;
/*!40101 SET @saved_cs_client     = @@character_set_client */;
/*!40101 SET character_set_client = utf8 */;
CREATE TABLE `sysSitesInstanceDataLink` (
  `itemID` int(11) NOT NULL AUTO_INCREMENT,
  `instanceID` int(11) DEFAULT NULL,
  `appID` varchar(100) DEFAULT NULL,
  `appItemID` varchar(100) DEFAULT NULL,
  `viewCount` int(11) NOT NULL DEFAULT '0',
  `sysDateCreated` datetime NOT NULL,
  `sysStatus` enum('active','inactive') DEFAULT 'active',
  `sysOpen` enum('0','1') NOT NULL DEFAULT '1',
  PRIMARY KEY (`itemID`),
  KEY `SiteContentInstance` (`appItemID`),
  KEY `SiteFK` (`instanceID`)
) ENGINE=InnoDB AUTO_INCREMENT=73 DEFAULT CHARSET=utf8 COMMENT='Holds a link between site instances and data such as pages..';
/*!40101 SET character_set_client = @saved_cs_client */;

--
-- Dumping data for table `sysSitesInstanceDataLink`
--

LOCK TABLES `sysSitesInstanceDataLink` WRITE;
/*!40000 ALTER TABLE `sysSitesInstanceDataLink` DISABLE KEYS */;
INSERT INTO `sysSitesInstanceDataLink` VALUES (1,1,'page','home',0,'2011-09-20 10:39:27','active','1'),(2,1,'page','Untitled-3',0,'2011-09-20 11:17:05','active','1'),(3,1,'page','registration-wizard',0,'2011-09-21 13:55:01','active','1'),(4,1,'page','user-profile',0,'2011-09-21 13:55:22','active','1'),(5,1,'page','user-account',0,'2011-09-21 13:55:51','active','1'),(6,1,'page','deposit',0,'2011-09-21 13:56:10','active','1'),(7,1,'page','withdraw',0,'2011-09-21 13:56:24','active','1'),(8,1,'page','dashboard',0,'2011-09-21 13:56:46','active','1'),(9,1,'page','league',0,'2011-09-21 13:57:01','active','1'),(10,1,'page','league-home',0,'2011-09-21 13:57:18','active','1'),(11,1,'page','managers',0,'2011-09-21 13:57:37','active','1'),(12,1,'page','Untitled-22',0,'2011-09-21 13:57:44','active','1'),(13,1,'page','transactions',0,'2011-09-21 13:58:25','active','1'),(14,1,'page','dues',0,'2011-09-21 13:58:40','active','1'),(15,1,'page','settings',0,'2011-09-21 13:59:05','active','1'),(16,1,'page','franchise',0,'2011-09-21 13:59:24','active','1'),(17,1,'page','profile',0,'2011-09-21 13:59:41','active','1'),(18,1,'page','contracts',0,'2011-09-21 13:59:59','active','1'),(19,1,'page','team-log',0,'2011-09-21 14:00:15','active','1'),(20,1,'page','roster',0,'2011-09-21 14:00:27','active','1'),(21,1,'page','watch-list',0,'2011-09-21 14:00:39','active','1'),(22,1,'page','Matchup',0,'2011-09-21 14:01:11','active','1'),(23,1,'page','players',0,'2011-09-21 14:02:14','active','1'),(24,1,'page','list',0,'2011-09-21 14:02:34','active','1'),(25,1,'page','player-notes',0,'2011-09-21 14:02:52','active','1'),(26,1,'page','eligibility',0,'2011-09-21 14:03:07','active','1'),(27,1,'page','status',0,'2011-09-21 14:03:30','active','1'),(28,1,'page','stat-corrections',0,'2011-09-21 14:03:43','active','1'),(29,1,'page','trade-room',0,'2011-09-21 14:04:30','active','1'),(30,1,'page','board-room',0,'2011-09-21 14:04:46','active','1'),(31,1,'page','research',0,'2011-09-21 14:05:05','active','1'),(32,1,'page','hot/cold',0,'2011-09-21 14:05:17','active','1'),(33,1,'page','transaction-trends',0,'2011-09-21 14:05:31','active','1'),(34,1,'page','roster-changes',0,'2011-09-21 14:05:54','active','1'),(35,1,'page','statistics',0,'2011-09-21 14:07:01','active','1'),(36,1,'page','team-stats',0,'2011-09-21 14:08:22','active','1'),(37,1,'page','record-book',0,'2011-09-21 14:08:41','active','1'),(38,1,'page','reports',0,'2011-09-21 14:08:55','active','1'),(39,1,'page','draft',0,'2011-09-21 14:09:11','active','1'),(40,1,'page','draft-room',0,'2011-09-21 14:09:25','active','1'),(41,1,'page','draft-outlook',1,'2011-09-21 14:09:41','active','1'),(42,1,'page','mock-drafts',0,'2011-09-21 14:10:26','active','1'),(43,1,'page','inbox',0,'2011-09-21 14:11:34','active','1'),(44,1,'page','baseball',0,'2011-09-21 14:12:50','active','1'),(45,1,'page','create-a-league',0,'2011-09-21 14:13:05','active','1'),(46,1,'page','join-a-league',0,'2011-09-21 14:23:17','active','1'),(47,1,'page','mlb',0,'2011-09-21 14:23:39','active','1'),(48,1,'page','mlb-players',0,'2011-09-21 14:23:52','active','1'),(49,1,'page','details',0,'2011-09-21 14:24:14','active','1'),(50,1,'page','league-scores-and-schedule',0,'2011-09-21 14:24:35','active','1'),(51,1,'page','boxscore',0,'2011-09-21 14:25:11','active','1'),(52,1,'page','preview',0,'2011-09-21 14:25:26','active','1'),(53,1,'page','recap',0,'2011-09-21 14:25:42','active','1'),(54,1,'page','standings',0,'2011-09-21 14:25:59','active','1'),(55,1,'page','mlb-team-stats',0,'2011-09-21 14:26:16','active','1'),(56,1,'page','team-roster',0,'2011-09-21 14:26:41','active','1'),(57,1,'page','mlb-transactions',0,'2011-09-21 14:26:57','active','1'),(58,1,'page','news',0,'2011-09-21 14:27:20','active','1'),(59,1,'page','league-details',0,'2011-09-21 14:48:36','active','1'),(60,1,'page','create-a-franchise',0,'2011-09-21 14:49:00','active','1'),(61,1,'page','basketball',0,'2011-09-21 14:49:26','active','1'),(62,1,'page','hockey',0,'2011-09-21 14:49:39','active','1'),(63,1,'page','marketplace',0,'2011-09-21 14:50:06','active','1'),(64,1,'page','store',0,'2011-09-21 14:50:17','active','1'),(65,1,'page','take-a-tour',0,'2011-09-21 14:50:26','active','1'),(66,1,'page','faq',0,'2011-09-21 14:50:40','active','1'),(67,1,'page','live-chat',0,'2011-09-21 14:50:53','active','1'),(68,1,'page','privacy-policy',0,'2011-09-21 14:51:04','active','1'),(69,1,'page','terms-and-conditions',0,'2011-09-21 15:00:10','active','1'),(70,1,'page','support',0,'2011-09-21 15:00:26','active','1'),(71,1,'page','contact',0,'2011-09-21 15:00:37','active','1'),(72,1,'page','forum',0,'2011-09-21 15:00:47','active','1');
/*!40000 ALTER TABLE `sysSitesInstanceDataLink` ENABLE KEYS */;
UNLOCK TABLES;

--
-- Table structure for table `sysSitesInstances`
--

DROP TABLE IF EXISTS `sysSitesInstances`;
/*!40101 SET @saved_cs_client     = @@character_set_client */;
/*!40101 SET character_set_client = utf8 */;
CREATE TABLE `sysSitesInstances` (
  `itemID` int(11) NOT NULL AUTO_INCREMENT,
  `siteID` int(11) NOT NULL DEFAULT '0',
  `languageID` int(11) NOT NULL DEFAULT '0',
  `sysStatus` enum('active','inactive') DEFAULT 'active',
  `sysOpen` enum('0','1') NOT NULL DEFAULT '1',
  PRIMARY KEY (`itemID`),
  KEY `SiteLan` (`siteID`,`languageID`)
) ENGINE=InnoDB AUTO_INCREMENT=4 DEFAULT CHARSET=utf8 COMMENT='The master table for site instances.';
/*!40101 SET character_set_client = @saved_cs_client */;

--
-- Dumping data for table `sysSitesInstances`
--

LOCK TABLES `sysSitesInstances` WRITE;
/*!40000 ALTER TABLE `sysSitesInstances` DISABLE KEYS */;
INSERT INTO `sysSitesInstances` VALUES (1,1,1,'active','1'),(3,1,2,'inactive','1');
/*!40000 ALTER TABLE `sysSitesInstances` ENABLE KEYS */;
UNLOCK TABLES;

--
-- Table structure for table `sysSitesLanguages`
--

DROP TABLE IF EXISTS `sysSitesLanguages`;
/*!40101 SET @saved_cs_client     = @@character_set_client */;
/*!40101 SET character_set_client = utf8 */;
CREATE TABLE `sysSitesLanguages` (
  `itemID` int(11) NOT NULL AUTO_INCREMENT,
  `title` varchar(255) NOT NULL DEFAULT '',
  `sysStatus` enum('active','inactive') DEFAULT 'active',
  `sysOpen` enum('0','1') NOT NULL DEFAULT '1',
  PRIMARY KEY (`itemID`)
) ENGINE=InnoDB AUTO_INCREMENT=3 DEFAULT CHARSET=utf8 COMMENT='A list of languages for this draggin system.  linked to site';
/*!40101 SET character_set_client = @saved_cs_client */;

--
-- Dumping data for table `sysSitesLanguages`
--

LOCK TABLES `sysSitesLanguages` WRITE;
/*!40000 ALTER TABLE `sysSitesLanguages` DISABLE KEYS */;
INSERT INTO `sysSitesLanguages` VALUES (1,'English','active','1'),(2,'Franais','inactive','1');
/*!40000 ALTER TABLE `sysSitesLanguages` ENABLE KEYS */;
UNLOCK TABLES;

--
-- Table structure for table `sysStorageTable`
--

DROP TABLE IF EXISTS `sysStorageTable`;
/*!40101 SET @saved_cs_client     = @@character_set_client */;
/*!40101 SET character_set_client = utf8 */;
CREATE TABLE `sysStorageTable` (
  `itemID` int(11) NOT NULL AUTO_INCREMENT,
  `application` varchar(100) DEFAULT NULL,
  `value` varchar(255) DEFAULT NULL,
  `sysUserLastMod` int(11) NOT NULL,
  `sysDateLastMod` datetime NOT NULL,
  `sysDateCreated` datetime NOT NULL,
  `sysStatus` enum('active','inactive') NOT NULL DEFAULT 'active',
  `sysOpen` enum('0','1') NOT NULL DEFAULT '1',
  PRIMARY KEY (`itemID`)
) ENGINE=InnoDB DEFAULT CHARSET=utf8 COMMENT='Random System variables that do not need there own tables';
/*!40101 SET character_set_client = @saved_cs_client */;

--
-- Dumping data for table `sysStorageTable`
--

LOCK TABLES `sysStorageTable` WRITE;
/*!40000 ALTER TABLE `sysStorageTable` DISABLE KEYS */;
/*!40000 ALTER TABLE `sysStorageTable` ENABLE KEYS */;
UNLOCK TABLES;

--
-- Table structure for table `sysUGFLinks`
--

DROP TABLE IF EXISTS `sysUGFLinks`;
/*!40101 SET @saved_cs_client     = @@character_set_client */;
/*!40101 SET character_set_client = utf8 */;
CREATE TABLE `sysUGFLinks` (
  `itemID` int(11) NOT NULL AUTO_INCREMENT,
  `groupID` int(11) DEFAULT NULL,
  `fieldID` int(11) DEFAULT NULL,
  `sysStatus` enum('active','inactive') NOT NULL DEFAULT 'active',
  `sysOpen` enum('0','1') NOT NULL DEFAULT '1',
  PRIMARY KEY (`itemID`),
  KEY `groupID` (`groupID`,`fieldID`)
) ENGINE=InnoDB AUTO_INCREMENT=648 DEFAULT CHARSET=utf8 COMMENT='Linking Fields To Groups';
/*!40101 SET character_set_client = @saved_cs_client */;

--
-- Dumping data for table `sysUGFLinks`
--

LOCK TABLES `sysUGFLinks` WRITE;
/*!40000 ALTER TABLE `sysUGFLinks` DISABLE KEYS */;
INSERT INTO `sysUGFLinks` VALUES (629,1,15,'active','1'),(628,1,14,'active','1'),(627,1,11,'active','1'),(626,1,3,'active','1'),(625,1,2,'active','1'),(624,1,1,'active','1'),(623,1,10,'active','1'),(621,15,14,'active','1'),(620,15,11,'active','1'),(619,15,4,'active','1'),(618,15,3,'active','1'),(617,15,2,'active','1'),(616,15,1,'active','1'),(615,15,10,'active','1'),(614,15,6,'active','1'),(622,15,12,'active','1');
/*!40000 ALTER TABLE `sysUGFLinks` ENABLE KEYS */;
UNLOCK TABLES;

--
-- Table structure for table `sysUGFValues`
--

DROP TABLE IF EXISTS `sysUGFValues`;
/*!40101 SET @saved_cs_client     = @@character_set_client */;
/*!40101 SET character_set_client = utf8 */;
CREATE TABLE `sysUGFValues` (
  `itemID` int(11) NOT NULL AUTO_INCREMENT,
  `userID` int(11) DEFAULT NULL,
  `fieldID` int(11) DEFAULT NULL,
  `value` varchar(255) DEFAULT NULL,
  `myHashKey` varchar(255) DEFAULT NULL,
  `sysStatus` enum('active','inactive') NOT NULL DEFAULT 'active',
  `sysOpen` enum('0','1') NOT NULL DEFAULT '1',
  PRIMARY KEY (`itemID`),
  KEY `userID` (`userID`,`fieldID`)
) ENGINE=InnoDB AUTO_INCREMENT=4211 DEFAULT CHARSET=utf8 COMMENT='Holds the values for user data linked through groups';
/*!40101 SET character_set_client = @saved_cs_client */;

--
-- Dumping data for table `sysUGFValues`
--

LOCK TABLES `sysUGFValues` WRITE;
/*!40000 ALTER TABLE `sysUGFValues` DISABLE KEYS */;
INSERT INTO `sysUGFValues` VALUES (4160,1,2,'Admin',NULL,'active','1'),(4161,1,3,'brendan@resolutionim.com',NULL,'active','1');
/*!40000 ALTER TABLE `sysUGFValues` ENABLE KEYS */;
UNLOCK TABLES;

--
-- Table structure for table `sysUGFields`
--

DROP TABLE IF EXISTS `sysUGFields`;
/*!40101 SET @saved_cs_client     = @@character_set_client */;
/*!40101 SET character_set_client = utf8 */;
CREATE TABLE `sysUGFields` (
  `itemID` int(11) NOT NULL AUTO_INCREMENT,
  `fieldLabel` varchar(255) NOT NULL DEFAULT '',
  `validationCode` varchar(75) DEFAULT 'RQvalALPH',
  `sysAdFieldName` varchar(200) DEFAULT NULL,
  `sysADFieldNameClean` varchar(255) DEFAULT NULL,
  `sysISADField` enum('0','1') NOT NULL DEFAULT '0',
  `myOrder` int(11) NOT NULL DEFAULT '0',
  `isPublic` enum('0','1') NOT NULL DEFAULT '1',
  `sysStatus` enum('active','inactive') NOT NULL DEFAULT 'active',
  `sysOpen` enum('0','1') NOT NULL DEFAULT '1',
  PRIMARY KEY (`itemID`),
  KEY `fieldLabel` (`fieldLabel`)
) ENGINE=InnoDB AUTO_INCREMENT=16 DEFAULT CHARSET=utf8 COMMENT='List of Fields For groups';
/*!40101 SET character_set_client = @saved_cs_client */;

--
-- Dumping data for table `sysUGFields`
--

LOCK TABLES `sysUGFields` WRITE;
/*!40000 ALTER TABLE `sysUGFields` DISABLE KEYS */;
INSERT INTO `sysUGFields` VALUES (1,'First Name','RQvalALPH',NULL,NULL,'0',4,'1','active','1'),(2,'Last Name','RQvalALPH',NULL,NULL,'0',5,'1','active','1'),(3,'E-Mail','RQvalMAIL',NULL,NULL,'0',6,'1','active','1'),(6,'Introduction Message','RQvalALPH',NULL,NULL,'0',2,'1','active','1'),(4,'Phone Number','RQvalPHON',NULL,NULL,'0',7,'1','active','1'),(5,'Cell Phone Number','RQvalPHON',NULL,NULL,'0',8,'1','active','1'),(10,'Company','RQvalALPH',NULL,NULL,'0',3,'1','active','1'),(11,'City','RQvalALPH',NULL,NULL,'0',9,'1','active','1'),(12,'Postal Code','RQvalPOST',NULL,NULL,'0',11,'1','active','1'),(14,'Province','OPtypPROV',NULL,NULL,'0',10,'1','active','1'),(15,'Send Notification Emails','OPtypCHCK',NULL,NULL,'0',11,'1','active','1');
/*!40000 ALTER TABLE `sysUGFields` ENABLE KEYS */;
UNLOCK TABLES;

--
-- Table structure for table `sysUGLinks`
--

DROP TABLE IF EXISTS `sysUGLinks`;
/*!40101 SET @saved_cs_client     = @@character_set_client */;
/*!40101 SET character_set_client = utf8 */;
CREATE TABLE `sysUGLinks` (
  `itemID` int(11) NOT NULL AUTO_INCREMENT,
  `userID` int(11) DEFAULT NULL,
  `groupID` int(11) DEFAULT NULL,
  `sysStatus` enum('active','inactive') NOT NULL DEFAULT 'active',
  `sysOpen` enum('0','1') NOT NULL DEFAULT '1',
  PRIMARY KEY (`itemID`),
  KEY `userID` (`userID`,`groupID`)
) ENGINE=InnoDB AUTO_INCREMENT=590 DEFAULT CHARSET=utf8 COMMENT='Holds User Group Links';
/*!40101 SET character_set_client = @saved_cs_client */;

--
-- Dumping data for table `sysUGLinks`
--

LOCK TABLES `sysUGLinks` WRITE;
/*!40000 ALTER TABLE `sysUGLinks` DISABLE KEYS */;
INSERT INTO `sysUGLinks` VALUES (578,1,1,'active','1');
/*!40000 ALTER TABLE `sysUGLinks` ENABLE KEYS */;
UNLOCK TABLES;

--
-- Table structure for table `sysUGPLinks`
--

DROP TABLE IF EXISTS `sysUGPLinks`;
/*!40101 SET @saved_cs_client     = @@character_set_client */;
/*!40101 SET character_set_client = utf8 */;
CREATE TABLE `sysUGPLinks` (
  `itemID` int(11) NOT NULL AUTO_INCREMENT,
  `privID` int(11) DEFAULT NULL,
  `groupID` int(11) DEFAULT NULL,
  `sysStatus` enum('active','inactive') NOT NULL DEFAULT 'active',
  `sysOpen` enum('0','1') NOT NULL DEFAULT '1',
  PRIMARY KEY (`itemID`),
  KEY `privID` (`privID`,`groupID`)
) ENGINE=InnoDB AUTO_INCREMENT=784 DEFAULT CHARSET=utf8 COMMENT='Holds Group Privileges Links';
/*!40101 SET character_set_client = @saved_cs_client */;

--
-- Dumping data for table `sysUGPLinks`
--

LOCK TABLES `sysUGPLinks` WRITE;
/*!40000 ALTER TABLE `sysUGPLinks` DISABLE KEYS */;
INSERT INTO `sysUGPLinks` VALUES (733,1,1,'active','1'),(748,27,15,'active','1'),(734,2,1,'active','1'),(735,3,1,'active','1'),(736,4,1,'active','1'),(737,24,1,'active','1'),(738,25,1,'active','1'),(739,26,1,'active','1'),(740,27,1,'active','1'),(741,28,1,'active','1'),(783,159,26,'active','1');
/*!40000 ALTER TABLE `sysUGPLinks` ENABLE KEYS */;
UNLOCK TABLES;

--
-- Table structure for table `sysUGroups`
--

DROP TABLE IF EXISTS `sysUGroups`;
/*!40101 SET @saved_cs_client     = @@character_set_client */;
/*!40101 SET character_set_client = utf8 */;
CREATE TABLE `sysUGroups` (
  `itemID` int(11) NOT NULL AUTO_INCREMENT,
  `nameFull` varchar(100) DEFAULT NULL,
  `nameSystem` varchar(30) DEFAULT NULL,
  `sysGroup` enum('0','1') NOT NULL DEFAULT '0',
  `sysIsADGroup` enum('0','1') NOT NULL DEFAULT '0',
  `sysADGroupName` varchar(255) DEFAULT NULL,
  `sysStatus` enum('active','inactive') NOT NULL DEFAULT 'active',
  `sysOpen` enum('0','1') NOT NULL DEFAULT '1',
  PRIMARY KEY (`itemID`)
) ENGINE=InnoDB AUTO_INCREMENT=27 DEFAULT CHARSET=utf8 COMMENT='Holds Group description Information';
/*!40101 SET character_set_client = @saved_cs_client */;

--
-- Dumping data for table `sysUGroups`
--

LOCK TABLES `sysUGroups` WRITE;
/*!40000 ALTER TABLE `sysUGroups` DISABLE KEYS */;
INSERT INTO `sysUGroups` VALUES (1,'Site Administrators','siteadmin','1','0',NULL,'active','1'),(15,'Public Users','publicusers','1','0','Public Users','active','1');
/*!40000 ALTER TABLE `sysUGroups` ENABLE KEYS */;
UNLOCK TABLES;

--
-- Table structure for table `sysUsers`
--

DROP TABLE IF EXISTS `sysUsers`;
/*!40101 SET @saved_cs_client     = @@character_set_client */;
/*!40101 SET character_set_client = utf8 */;
CREATE TABLE `sysUsers` (
  `itemID` int(11) NOT NULL AUTO_INCREMENT,
  `userIDField` varchar(255) DEFAULT NULL,
  `userIDPassword` varchar(255) DEFAULT NULL,
  `myKey` varchar(255) DEFAULT NULL,
  `lastLoginDate` datetime NOT NULL,
  `regDate` datetime NOT NULL,
  `regHash` varchar(255) DEFAULT NULL,
  `ecHash` varchar(255) DEFAULT NULL,
  `fpHash` varchar(255) DEFAULT NULL,
  `sysUser` enum('0','1') NOT NULL DEFAULT '0',
  `sysIsADUser` enum('0','1') NOT NULL DEFAULT '0',
  `sysStatus` enum('active','inactive','disabled','public') NOT NULL DEFAULT 'active',
  `sysOpen` enum('0','1') NOT NULL DEFAULT '1',
  PRIMARY KEY (`itemID`),
  UNIQUE KEY `userIDField` (`userIDField`)
) ENGINE=InnoDB AUTO_INCREMENT=100 DEFAULT CHARSET=utf8 COMMENT='Holds User Login, Contact, and description Information';
/*!40101 SET character_set_client = @saved_cs_client */;

--
-- Dumping data for table `sysUsers`
--

LOCK TABLES `sysUsers` WRITE;
/*!40000 ALTER TABLE `sysUsers` DISABLE KEYS */;
INSERT INTO `sysUsers` VALUES (1,'root','5f4dcc3b5aa765d61d8327deb882cf99','b81ee18d4530e69e7502345d8c0c5952','2011-09-21 15:15:53','2011-09-20 09:28:26',NULL,NULL,NULL,'1','0','active','1');
/*!40000 ALTER TABLE `sysUsers` ENABLE KEYS */;
UNLOCK TABLES;
/*!40103 SET TIME_ZONE=@OLD_TIME_ZONE */;

/*!40101 SET SQL_MODE=@OLD_SQL_MODE */;
/*!40014 SET FOREIGN_KEY_CHECKS=@OLD_FOREIGN_KEY_CHECKS */;
/*!40014 SET UNIQUE_CHECKS=@OLD_UNIQUE_CHECKS */;
/*!40101 SET CHARACTER_SET_CLIENT=@OLD_CHARACTER_SET_CLIENT */;
/*!40101 SET CHARACTER_SET_RESULTS=@OLD_CHARACTER_SET_RESULTS */;
/*!40101 SET COLLATION_CONNECTION=@OLD_COLLATION_CONNECTION */;
/*!40111 SET SQL_NOTES=@OLD_SQL_NOTES */;

-- Dump completed on 2011-09-22 14:28:54
